"iso_code","method","year","mean","lower_ci","upper_ci","region","country","income_group","coverage","delta","lower_delta","upper_delta","within_ci","ci_width"
"AFG","ARIMA(0,2,1)",2020,0.736077137907447,0.667944748829991,0.804209526984904,"Asia","Afghanistan","LIC",0.7,-0.0360771379074472,0.0320552511700093,-0.104209526984904,TRUE,0.136264778154913
"AFG","ARIMA(0,2,1)",2021,0.752154275814894,0.63588762537076,0.868420926259029,"Asia","Afghanistan","LIC",0.66,-0.0921542758148943,0.0241123746292399,-0.208420926259029,TRUE,0.232533300888268
"AFG","ARIMA(0,2,1)",2022,0.768231413722342,0.600935171219074,0.93552765622561,"Asia","Afghanistan","LIC",0.69,-0.0782314137223417,0.0890648287809263,-0.24552765622561,TRUE,0.334592485006536
"AGO","ARIMA(0,1,0)",2020,0.57,0.493427820441531,0.646572179558469,"Africa","Angola","LMIC",0.51,-0.0599999999999999,0.0165721795584689,-0.136572179558469,TRUE,0.153144359116938
"AGO","ARIMA(0,1,0)",2021,0.57,0.461710585167945,0.678289414832054,"Africa","Angola","LMIC",0.45,-0.12,-0.0117105851679455,-0.228289414832054,FALSE,0.216578829664109
"AGO","ARIMA(0,1,0)",2022,0.57,0.437373094558445,0.702626905441555,"Africa","Angola","LMIC",0.42,-0.15,-0.017373094558445,-0.282626905441555,FALSE,0.26525381088311
"ALB","ARIMA(2,1,0)",2020,0.99,0.977814613158256,0.99,"Europe","Albania","UMIC",0.98,-0.01,0.00218538684174374,-0.01,TRUE,0.0121853868417438
"ALB","ARIMA(2,1,0)",2021,0.99,0.977568860124941,0.99,"Europe","Albania","UMIC",0.98,-0.01,0.0024311398750585,-0.01,TRUE,0.0124311398750585
"ALB","ARIMA(2,1,0)",2022,0.99,0.976458290958223,0.99,"Europe","Albania","UMIC",0.97,-0.02,-0.00645829095822337,-0.02,FALSE,0.0135417090417767
"AND","ARIMA(0,0,1) with non-zero mean",2020,0.982362935189194,0.95329841273388,0.99,"Europe","Andorra","HIC",0.99,0.00763706481080573,0.0367015872661202,0,TRUE,0.0367015872661202
"AND","ARIMA(0,0,1) with non-zero mean",2021,0.978385404190332,0.945804414979926,0.99,"Europe","Andorra","HIC",0.99,0.0116145958096683,0.0441955850200738,0,TRUE,0.0441955850200738
"AND","ARIMA(0,0,1) with non-zero mean",2022,0.978385404190332,0.945804414979926,0.99,"Europe","Andorra","HIC",0.98,0.00161459580966827,0.0341955850200738,-0.01,TRUE,0.0441955850200738
"ARE","ARIMA(0,1,0)",2020,0.99,0.969390270778513,0.99,"Asia","United Arab Emirates","HIC",0.9,-0.09,-0.0693902707785129,-0.09,FALSE,0.0206097292214871
"ARE","ARIMA(0,1,0)",2021,0.99,0.960853441418136,0.99,"Asia","United Arab Emirates","HIC",0.96,-0.03,-0.000853441418136036,-0.03,FALSE,0.029146558581864
"ARE","ARIMA(0,1,0)",2022,0.99,0.954302901858147,0.99,"Asia","United Arab Emirates","HIC",0.96,-0.03,0.00569709814185249,-0.03,TRUE,0.0356970981418525
"ARG","ARIMA(2,0,0) with non-zero mean",2020,0.853462021279632,0.789474590063471,0.917449452495792,"Americas","Argentina","UMIC",0.74,-0.113462021279632,-0.0494745900634714,-0.177449452495792,FALSE,0.12797486243232
"ARG","ARIMA(2,0,0) with non-zero mean",2021,0.892064837334739,0.800825439729353,0.983304234940124,"Americas","Argentina","UMIC",0.81,-0.0820648373347389,0.00917456027064656,-0.173304234940124,TRUE,0.182478795210771
"ARG","ARIMA(2,0,0) with non-zero mean",2022,0.919763602978437,0.822169837284033,0.99,"Americas","Argentina","UMIC",0.81,-0.109763602978437,-0.0121698372840331,-0.18,FALSE,0.167830162715967
"ARM","ARIMA(1,0,0) with non-zero mean",2020,0.921407332914967,0.890905360784452,0.951909305045483,"Asia","Armenia","UMIC",0.91,-0.0114073329149673,0.0190946392155484,-0.0419093050454831,TRUE,0.0610039442610315
"ARM","ARIMA(1,0,0) with non-zero mean",2021,0.922447190112032,0.884522172542633,0.960372207681431,"Asia","Armenia","UMIC",0.93,0.00755280988796803,0.0454778274573673,-0.0303722076814312,TRUE,0.0758500351387985
"ARM","ARIMA(1,0,0) with non-zero mean",2022,0.923215525009047,0.881795535724864,0.96463551429323,"Asia","Armenia","UMIC",0.93,0.00678447499095314,0.048204464275136,-0.0346355142932298,TRUE,0.0828399785683658
"ATG","ARIMA(1,0,0) with non-zero mean",2020,0.96136493105042,0.925405214711411,0.99,"Americas","Antigua and Barbuda","HIC",0.96,-0.00136493105042046,0.0345947852885885,-0.03,TRUE,0.0645947852885885
"ATG","ARIMA(1,0,0) with non-zero mean",2021,0.96704685879927,0.926843434645231,0.99,"Americas","Antigua and Barbuda","HIC",0.92,-0.0470468587992697,-0.00684343464523118,-0.07,FALSE,0.0631565653547688
"ATG","ARIMA(1,0,0) with non-zero mean",2022,0.969887553810961,0.928691637157493,0.99,"Americas","Antigua and Barbuda","HIC",0.99,0.020112446189039,0.0613083628425074,0,TRUE,0.0613083628425074
"AUS","ARIMA(0,1,0)",2020,0.95,0.935081420482975,0.964918579517025,"Oceania","Australia","HIC",0.95,0,0.0149185795170247,-0.0149185795170247,TRUE,0.0298371590340494
"AUS","ARIMA(0,1,0)",2021,0.95,0.928901942515682,0.971098057484318,"Oceania","Australia","HIC",0.95,0,0.0210980574843177,-0.0210980574843177,TRUE,0.0421961149686354
"AUS","ARIMA(0,1,0)",2022,0.95,0.924160262299757,0.975839737700243,"Oceania","Australia","HIC",0.94,-0.01,0.0158397377002431,-0.0358397377002431,TRUE,0.0516794754004861
"AUT","ARIMA(0,1,0)",2020,0.85,0.790008558774036,0.909991441225964,"Europe","Austria","HIC",0.85,0,0.0599914412259638,-0.0599914412259638,TRUE,0.119982882451928
"AUT","ARIMA(0,1,0)",2021,0.85,0.765159290191934,0.934840709808066,"Europe","Austria","HIC",0.86,0.01,0.0948407098080665,-0.0748407098080665,TRUE,0.169681419616133
"AUT","ARIMA(0,1,0)",2022,0.85,0.746091775777349,0.953908224222651,"Europe","Austria","HIC",0.84,-0.01,0.0939082242226514,-0.113908224222651,TRUE,0.207816448445303
"AZE","ARIMA(0,1,0) with drift",2020,0.949473684210536,0.910560459327167,0.988386909093906,"Asia","Azerbaijan","UMIC",0.79,-0.159473684210536,-0.120560459327167,-0.198386909093906,FALSE,0.0778264497667391
"AZE","ARIMA(0,1,0) with drift",2021,0.958947368421073,0.903915758035337,0.99,"Asia","Azerbaijan","UMIC",0.89,-0.0689473684210727,-0.0139157580353373,-0.1,FALSE,0.0860842419646627
"AZE","ARIMA(0,1,0) with drift",2022,0.968421052631609,0.90102137004726,0.99,"Asia","Azerbaijan","UMIC",0.83,-0.138421052631609,-0.0710213700472596,-0.16,FALSE,0.0889786299527404
"BDI","ARIMA(0,1,0)",2020,0.93,0.871199980144535,0.988800019855466,"Africa","Burundi","LIC",0.93,0,0.0588000198554655,-0.0588000198554655,TRUE,0.117600039710931
"BDI","ARIMA(0,1,0)",2021,0.93,0.846844214452594,0.99,"Africa","Burundi","LIC",0.94,0.0099999999999999,0.0931557855474064,-0.05,TRUE,0.143155785547406
"BDI","ARIMA(0,1,0)",2022,0.93,0.828155378124275,0.99,"Africa","Burundi","LIC",0.91,-0.02,0.0818446218757249,-0.08,TRUE,0.161844621875725
"BEL","ARIMA(0,1,0)",2020,0.97,0.955774511878113,0.984225488121887,"Europe","Belgium","HIC",0.97,0,0.0142254881218867,-0.0142254881218867,TRUE,0.0284509762437735
"BEL","ARIMA(0,1,0)",2021,0.97,0.94988212176665,0.99,"Europe","Belgium","HIC",0.98,0.01,0.0301178782333497,-0.01,TRUE,0.0401178782333497
"BEL","ARIMA(0,1,0)",2022,0.97,0.945360731810424,0.99,"Europe","Belgium","HIC",0.98,0.01,0.0346392681895755,-0.01,TRUE,0.0446392681895755
"BEN","ARIMA(0,0,0) with non-zero mean",2020,0.757000000000054,0.703759111149605,0.810240888850503,"Africa","Benin","LMIC",0.72,-0.037000000000054,0.0162408888503951,-0.0902408888505031,TRUE,0.106481777700898
"BEN","ARIMA(0,0,0) with non-zero mean",2021,0.757000000000054,0.703759111149605,0.810240888850503,"Africa","Benin","LMIC",0.76,0.00299999999994605,0.0562408888503951,-0.050240888850503,TRUE,0.106481777700898
"BEN","ARIMA(0,0,0) with non-zero mean",2022,0.757000000000054,0.703759111149605,0.810240888850503,"Africa","Benin","LMIC",0.76,0.00299999999994605,0.0562408888503951,-0.050240888850503,TRUE,0.106481777700898
"BFA","ARIMA(1,2,0)",2020,0.91,0.840700990115155,0.979299009884845,"Africa","Burkina Faso","LIC",0.91,1.11022302462516e-16,0.0692990098848447,-0.0692990098848445,TRUE,0.138598019769689
"BFA","ARIMA(1,2,0)",2021,0.91,0.789002681227875,0.99,"Africa","Burkina Faso","LIC",0.91,2.22044604925031e-16,0.120997318772125,-0.08,TRUE,0.200997318772125
"BFA","ARIMA(1,2,0)",2022,0.91,0.716121146072092,0.99,"Africa","Burkina Faso","LIC",0.91,3.33066907387547e-16,0.193878853927908,-0.08,TRUE,0.273878853927908
"BGD","ARIMA(0,1,0)",2020,0.98,0.91063092493698,0.99,"Asia","Bangladesh","LMIC",0.98,0,0.0693690750630196,-0.01,TRUE,0.0793690750630196
"BGD","ARIMA(0,1,0)",2021,0.98,0.8818973132366,0.99,"Asia","Bangladesh","LMIC",0.98,0,0.0981026867633995,-0.01,TRUE,0.1081026867634
"BGD","ARIMA(0,1,0)",2022,0.98,0.859849237516791,0.99,"Asia","Bangladesh","LMIC",0.98,0,0.120150762483209,-0.01,TRUE,0.130150762483209
"BGR","ARIMA(0,1,0)",2020,0.93,0.89079848988429,0.96920151011571,"Europe","Bulgaria","UMIC",0.91,-0.02,0.01920151011571,-0.0592015101157101,TRUE,0.0784030202314201
"BGR","ARIMA(0,1,0)",2021,0.93,0.874560692728857,0.985439307271143,"Europe","Bulgaria","UMIC",0.89,-0.04,0.0154393072711431,-0.0954393072711431,TRUE,0.110878614542286
"BGR","ARIMA(0,1,0)",2022,0.93,0.862100992746165,0.99,"Europe","Bulgaria","UMIC",0.91,-0.02,0.047899007253835,-0.08,TRUE,0.127899007253835
"BHR","ARIMA(0,0,0) with non-zero mean",2020,0.981999999999966,0.965663528624034,0.99,"Asia","Bahrain","HIC",0.98,-0.00199999999996647,0.0143364713759655,-0.01,TRUE,0.0243364713759655
"BHR","ARIMA(0,0,0) with non-zero mean",2021,0.981999999999966,0.965663528624034,0.99,"Asia","Bahrain","HIC",0.98,-0.00199999999996647,0.0143364713759655,-0.01,TRUE,0.0243364713759655
"BHR","ARIMA(0,0,0) with non-zero mean",2022,0.981999999999966,0.965663528624034,0.99,"Asia","Bahrain","HIC",0.97,-0.0119999999999665,0.00433647137596549,-0.02,TRUE,0.0243364713759655
"BHS","ARIMA(1,0,0) with non-zero mean",2020,0.901587873945781,0.861064035651662,0.942111712239899,"Americas","Bahamas","HIC",0.83,-0.0715878739457806,-0.0310640356516618,-0.112111712239899,FALSE,0.0810476765882375
"BHS","ARIMA(1,0,0) with non-zero mean",2021,0.910812957892743,0.859015754310092,0.962610161475395,"Americas","Bahamas","HIC",0.86,-0.0508129578927434,0.000984245689907737,-0.102610161475395,TRUE,0.103594407165302
"BHS","ARIMA(1,0,0) with non-zero mean",2022,0.918157029309701,0.860342147451229,0.975971911168173,"Americas","Bahamas","HIC",0.87,-0.0481570293097009,0.00965785254877127,-0.105971911168173,TRUE,0.115629763716944
"BIH","ARIMA(2,1,0)",2020,0.719222137912501,0.646888176728363,0.791556099096639,"Europe","Bosnia and Herzegovina","UMIC",0.72,0.000777862087498526,0.0731118232716366,-0.0715560990966395,TRUE,0.144667922368276
"BIH","ARIMA(2,1,0)",2021,0.722417406124522,0.633975707419814,0.810859104829231,"Europe","Bosnia and Herzegovina","UMIC",0.76,0.0375825938754778,0.126024292580186,-0.0508591048292308,TRUE,0.176883397409417
"BIH","ARIMA(2,1,0)",2022,0.715662002609681,0.584965331634971,0.84635867358439,"Europe","Bosnia and Herzegovina","UMIC",0.75,0.0343379973903193,0.165034668365029,-0.0963586735843904,TRUE,0.261393341949419
"BLR","ARIMA(0,0,0) with non-zero mean",2020,0.954999999999999,0.743953312947745,0.99,"Europe","Belarus","UMIC",0.97,0.0150000000000006,0.226046687052255,-0.02,TRUE,0.246046687052255
"BLR","ARIMA(0,0,0) with non-zero mean",2021,0.954999999999999,0.743953312947745,0.99,"Europe","Belarus","UMIC",0.98,0.0250000000000006,0.236046687052255,-0.01,TRUE,0.246046687052255
"BLR","ARIMA(0,0,0) with non-zero mean",2022,0.954999999999999,0.743953312947745,0.99,"Europe","Belarus","UMIC",0.98,0.0250000000000006,0.236046687052255,-0.01,TRUE,0.246046687052255
"BLZ","ARIMA(0,0,0) with non-zero mean",2020,0.95,0.896042410895225,0.99,"Americas","Belize","UMIC",0.79,-0.16,-0.106042410895224,-0.2,FALSE,0.0939575891047755
"BLZ","ARIMA(0,0,0) with non-zero mean",2021,0.95,0.896042410895225,0.99,"Americas","Belize","UMIC",0.83,-0.12,-0.0660424108952246,-0.16,FALSE,0.0939575891047755
"BLZ","ARIMA(0,0,0) with non-zero mean",2022,0.95,0.896042410895225,0.99,"Americas","Belize","UMIC",0.84,-0.11,-0.0560424108952245,-0.15,FALSE,0.0939575891047755
"BOL","ARIMA(1,0,0) with non-zero mean",2020,0.76648183882503,0.67764117508634,0.855322502563721,"Americas","Bolivia (Plurinational State of)","LMIC",0.68,-0.0864818388250304,0.00235882491365991,-0.175322502563721,TRUE,0.177681327477381
"BOL","ARIMA(1,0,0) with non-zero mean",2021,0.779255827712803,0.666856481378512,0.891655174047093,"Americas","Bolivia (Plurinational State of)","LMIC",0.7,-0.0792558277128026,0.0331435186214877,-0.191655174047093,TRUE,0.224798692668581
"BOL","ARIMA(1,0,0) with non-zero mean",2022,0.789156106063852,0.664731842995553,0.91358036913215,"Americas","Bolivia (Plurinational State of)","LMIC",0.69,-0.0991561060638516,0.0252681570044468,-0.22358036913215,TRUE,0.248848526136597
"BRA","ARIMA(2,2,1)",2020,0.767391041992989,0.705760822053962,0.829021261932016,"Americas","Brazil","UMIC",0.77,0.002608958007011,0.0642391779460377,-0.0590212619320157,TRUE,0.123260439878053
"BRA","ARIMA(2,2,1)",2021,0.654631074518627,0.589024020865502,0.720238128171752,"Americas","Brazil","UMIC",0.68,0.0253689254813729,0.0909759791344982,-0.0402381281717523,TRUE,0.13121410730625
"BRA","ARIMA(2,2,1)",2022,0.614344085835588,0.508956159743145,0.719732011928031,"Americas","Brazil","UMIC",0.77,0.155655914164412,0.261043840256855,0.050267988071969,FALSE,0.210775852184886
"BRB","ARIMA(0,0,0) with non-zero mean",2020,0.9055,0.826721971236563,0.984278028763437,"Americas","Barbados","HIC",0.85,-0.0555,0.0232780287634373,-0.134278028763437,TRUE,0.157556057526875
"BRB","ARIMA(0,0,0) with non-zero mean",2021,0.9055,0.826721971236563,0.984278028763437,"Americas","Barbados","HIC",0.82,-0.0855,-0.00672197123656271,-0.164278028763437,FALSE,0.157556057526875
"BRB","ARIMA(0,0,0) with non-zero mean",2022,0.9055,0.826721971236563,0.984278028763437,"Americas","Barbados","HIC",0.86,-0.0455,0.0332780287634373,-0.124278028763437,TRUE,0.157556057526875
"BRN","ARIMA(1,0,0) with non-zero mean",2020,0.984364392050377,0.947079994304383,0.99,"Asia","Brunei Darussalam","HIC",0.99,0.00563560794962337,0.0429200056956165,0,TRUE,0.0429200056956165
"BRN","ARIMA(1,0,0) with non-zero mean",2021,0.980667968691927,0.936079018977533,0.99,"Asia","Brunei Darussalam","HIC",0.99,0.00933203130807281,0.0539209810224666,0,TRUE,0.0539209810224666
"BRN","ARIMA(1,0,0) with non-zero mean",2022,0.978243466177375,0.930857165125323,0.99,"Asia","Brunei Darussalam","HIC",0.99,0.0117565338226249,0.0591428348746772,0,TRUE,0.0591428348746772
"BTN","ARIMA(0,1,0)",2020,0.97,0.9043749388819,0.99,"Asia","Bhutan","LMIC",0.95,-0.02,0.0456250611180997,-0.04,TRUE,0.0856250611180998
"BTN","ARIMA(0,1,0)",2021,0.97,0.87719214853522,0.99,"Asia","Bhutan","LMIC",0.98,0.01,0.10280785146478,-0.01,TRUE,0.11280785146478
"BTN","ARIMA(0,1,0)",2022,0.97,0.856334059893638,0.99,"Asia","Bhutan","LMIC",0.98,0.01,0.123665940106362,-0.01,TRUE,0.133665940106362
"BWA","ARIMA(0,1,0)",2020,0.95,0.943626096836859,0.956373903163141,"Africa","Botswana","UMIC",0.95,0,0.00637390316314068,-0.00637390316314068,TRUE,0.0127478063262814
"BWA","ARIMA(0,1,0)",2021,0.95,0.940985939701434,0.959014060298566,"Africa","Botswana","UMIC",0.95,0,0.00901406029856622,-0.00901406029856622,TRUE,0.0180281205971324
"BWA","ARIMA(0,1,0)",2022,0.95,0.938960075878916,0.961039924121084,"Africa","Botswana","UMIC",0.86,-0.09,-0.0789600758789164,-0.101039924121084,FALSE,0.0220798482421671
"CAN","ARIMA(1,0,0) with non-zero mean",2020,0.908973150079904,0.879701945520536,0.938244354639273,"Americas","Canada","HIC",0.92,0.0110268499200959,0.0402980544794644,-0.0182443546392725,TRUE,0.058542409118737
"CAN","ARIMA(1,0,0) with non-zero mean",2021,0.908340244275049,0.873955665978906,0.942724822571193,"Americas","Canada","HIC",0.92,0.0116597557249508,0.0460443340210941,-0.0227248225711925,TRUE,0.0687691565922866
"CAN","ARIMA(1,0,0) with non-zero mean",2022,0.907950148556113,0.871812168052265,0.944088129059962,"Americas","Canada","HIC",0.92,0.0120498514438867,0.0481878319477351,-0.0240881290599617,TRUE,0.0722759610076968
"CHE","ARIMA(0,1,0) with drift",2020,0.961578947368421,0.954223733761827,0.968934160975015,"Europe","Switzerland","HIC",0.96,-0.00157894736842112,0.00577626623817262,-0.00893416097501487,TRUE,0.0147104272131875
"CHE","ARIMA(0,1,0) with drift",2021,0.963157894736842,0.952756051900246,0.973559737573438,"Europe","Switzerland","HIC",0.96,-0.00315789473684214,0.00724394809975382,-0.0135597375734381,TRUE,0.0208036856731919
"CHE","ARIMA(0,1,0) with drift",2022,0.964736842105263,0.951997238438121,0.977476445772405,"Europe","Switzerland","HIC",0.96,-0.00473684210526315,0.00800276156187907,-0.0174764457724054,TRUE,0.0254792073342844
"CHL","ARIMA(0,0,1) with non-zero mean",2020,0.945872191038717,0.906593334021367,0.985151048056067,"Americas","Chile","HIC",0.93,-0.0158721910387172,0.0234066659786326,-0.055151048056067,TRUE,0.0785577140346996
"CHL","ARIMA(0,0,1) with non-zero mean",2021,0.939715564692611,0.895008393599758,0.984422735785463,"Americas","Chile","HIC",0.95,0.0102844353073893,0.054991606400242,-0.0344227357854634,TRUE,0.0894143421857054
"CHL","ARIMA(0,0,1) with non-zero mean",2022,0.939715564692611,0.895008393599758,0.984422735785463,"Americas","Chile","HIC",0.96,0.0202844353073893,0.064991606400242,-0.0244227357854634,TRUE,0.0894143421857054
"CHN","ARIMA(0,1,0) with drift",2020,0.99,0.965465425151795,0.99,"Asia","China","UMIC",0.99,0,0.0245345748482053,0,TRUE,0.0245345748482053
"CHN","ARIMA(0,1,0) with drift",2021,0.99,0.959619192621889,0.99,"Asia","China","UMIC",0.99,0,0.0303808073781113,0,TRUE,0.0303808073781113
"CHN","ARIMA(0,1,0) with drift",2022,0.99,0.956847653343815,0.99,"Asia","China","UMIC",0.99,0,0.0331523466561845,0,TRUE,0.0331523466561845
"CIV","ARIMA(0,1,0)",2020,0.81,0.660597915039673,0.959402084960327,"Africa","Cote d'Ivoire","LMIC",0.75,-0.0600000000000001,0.0894020849603271,-0.209402084960327,TRUE,0.298804169920654
"CIV","ARIMA(0,1,0)",2021,0.81,0.598713545202288,0.99,"Africa","Cote d'Ivoire","LMIC",0.76,-0.05,0.161286454797712,-0.23,TRUE,0.391286454797712
"CIV","ARIMA(0,1,0)",2022,0.81,0.551227998091991,0.99,"Africa","Cote d'Ivoire","LMIC",0.76,-0.05,0.208772001908009,-0.23,TRUE,0.438772001908009
"CMR","ARIMA(1,0,0) with non-zero mean",2020,0.673630709144715,0.594711688813298,0.752549729476133,"Africa","Cameroon","LMIC",0.69,0.0163692908552846,0.0952883111867019,-0.0625497294761327,TRUE,0.157838040662835
"CMR","ARIMA(1,0,0) with non-zero mean",2021,0.676905224022117,0.570630489839923,0.783179958204311,"Africa","Cameroon","LMIC",0.69,0.0130947759778827,0.119369510160077,-0.0931799582043114,TRUE,0.212549468364388
"CMR","ARIMA(1,0,0) with non-zero mean",2022,0.67985848941875,0.555700703350272,0.804016275487229,"Africa","Cameroon","LMIC",0.68,0.000141510581249671,0.124299296649728,-0.124016275487229,TRUE,0.248315572136957
"COD","ARIMA(0,1,0)",2020,0.73,0.615450242460185,0.844549757539815,"Africa","Democratic Republic of the Congo","LIC",0.7,-0.03,0.0845497575398146,-0.144549757539815,TRUE,0.229099515079629
"COD","ARIMA(0,1,0)",2021,0.73,0.568002179320644,0.891997820679356,"Africa","Democratic Republic of the Congo","LIC",0.65,-0.08,0.0819978206793557,-0.241997820679356,TRUE,0.323995641358711
"COD","ARIMA(0,1,0)",2022,0.73,0.531593999946345,0.928406000053655,"Africa","Democratic Republic of the Congo","LIC",0.65,-0.08,0.118406000053655,-0.278406000053655,TRUE,0.39681200010731
"COG","ARIMA(0,1,0)",2020,0.79,0.64625360236836,0.93374639763164,"Africa","Congo","LMIC",0.73,-0.0600000000000001,0.0837463976316404,-0.20374639763164,TRUE,0.287492795263281
"COG","ARIMA(0,1,0)",2021,0.79,0.586711894927058,0.99,"Africa","Congo","LMIC",0.77,-0.02,0.183288105072942,-0.22,TRUE,0.403288105072942
"COG","ARIMA(0,1,0)",2022,0.79,0.541023935897,0.99,"Africa","Congo","LMIC",0.78,-0.01,0.238976064103,-0.21,TRUE,0.448976064103
"COL","ARIMA(1,0,0) with non-zero mean",2020,0.92758254791425,0.8600071586324,0.99,"Americas","Colombia","UMIC",0.88,-0.0475825479142503,0.0199928413675998,-0.11,TRUE,0.1299928413676
"COL","ARIMA(1,0,0) with non-zero mean",2021,0.918113707164459,0.833133207757052,0.99,"Americas","Colombia","UMIC",0.86,-0.0581137071644587,0.0268667922429479,-0.13,TRUE,0.156866792242948
"COL","ARIMA(1,0,0) with non-zero mean",2022,0.910893309249833,0.81726831579183,0.99,"Americas","Colombia","UMIC",0.87,-0.0408933092498327,0.0527316842081696,-0.12,TRUE,0.17273168420817
"COM","ARIMA(0,1,0)",2020,0.91,0.783857913968004,0.99,"Africa","Comoros","LMIC",0.91,0,0.126142086031996,-0.08,TRUE,0.206142086031996
"COM","ARIMA(0,1,0)",2021,0.91,0.731608151147517,0.99,"Africa","Comoros","LMIC",0.91,0,0.178391848852483,-0.08,TRUE,0.258391848852483
"COM","ARIMA(0,1,0)",2022,0.91,0.691515498019858,0.99,"Africa","Comoros","LMIC",0.88,-0.03,0.188484501980142,-0.11,TRUE,0.298484501980142
"CPV","ARIMA(1,0,0) with non-zero mean",2020,0.953835617568708,0.904112701601977,0.99,"Africa","Cabo Verde","LMIC",0.93,-0.0238356175687079,0.0258872983980232,-0.0599999999999999,TRUE,0.0858872983980231
"CPV","ARIMA(1,0,0) with non-zero mean",2021,0.950089162277031,0.891903358206817,0.99,"Africa","Cabo Verde","LMIC",0.93,-0.0200891622770312,0.0380966417931832,-0.0599999999999999,TRUE,0.0980966417931831
"CPV","ARIMA(1,0,0) with non-zero mean",2022,0.947812222549658,0.886796618655373,0.99,"Africa","Cabo Verde","LMIC",0.93,-0.0178122225496575,0.0432033813446266,-0.0599999999999999,TRUE,0.103203381344627
"CRI","ARIMA(0,1,0)",2020,0.95,0.887531848088232,0.99,"Americas","Costa Rica","UMIC",0.97,0.02,0.0824681519117678,-0.02,TRUE,0.102468151911768
"CRI","ARIMA(0,1,0)",2021,0.95,0.861656692349995,0.99,"Americas","Costa Rica","UMIC",0.93,-0.0199999999999999,0.0683433076500048,-0.0599999999999999,TRUE,0.128343307650005
"CRI","ARIMA(0,1,0)",2022,0.95,0.841801987033887,0.99,"Americas","Costa Rica","UMIC",0.95,0,0.108198012966113,-0.04,TRUE,0.148198012966113
"CUB","ARIMA(0,1,0)",2020,0.99,0.846253044263249,0.99,"Americas","Cuba","UMIC",0.99,0,0.143746955736751,0,TRUE,0.143746955736751
"CUB","ARIMA(0,1,0)",2021,0.99,0.786711105647241,0.99,"Americas","Cuba","UMIC",0.99,0,0.203288894352759,0,TRUE,0.203288894352759
"CUB","ARIMA(0,1,0)",2022,0.99,0.741022969230592,0.99,"Americas","Cuba","UMIC",0.99,0,0.248977030769408,0,TRUE,0.248977030769408
"CYP","ARIMA(0,0,0) with non-zero mean",2020,0.9785,0.959133851954359,0.99,"Asia","Cyprus","HIC",0.96,-0.0184999999999998,0.000866148045640558,-0.03,TRUE,0.0308661480456406
"CYP","ARIMA(0,0,0) with non-zero mean",2021,0.9785,0.959133851954359,0.99,"Asia","Cyprus","HIC",0.96,-0.0184999999999998,0.000866148045640558,-0.03,TRUE,0.0308661480456406
"CYP","ARIMA(0,0,0) with non-zero mean",2022,0.9785,0.959133851954359,0.99,"Asia","Cyprus","HIC",0.96,-0.0184999999999998,0.000866148045640558,-0.03,TRUE,0.0308661480456406
"CZE","ARIMA(1,0,0) with non-zero mean",2020,0.971907089731354,0.958774629510719,0.985039549951989,"Europe","Czechia","HIC",0.97,-0.00190708973135423,0.0112253704892806,-0.0150395499519891,TRUE,0.0262649204412697
"CZE","ARIMA(1,0,0) with non-zero mean",2021,0.973318358777778,0.956981147695299,0.989655569860256,"Europe","Czechia","HIC",0.94,-0.0333183587777779,-0.0169811476952993,-0.0496555698602564,FALSE,0.0326744221649571
"CZE","ARIMA(1,0,0) with non-zero mean",2022,0.974362714629864,0.956512698170992,0.99,"Europe","Czechia","HIC",0.94,-0.0343627146298642,-0.0165126981709918,-0.05,FALSE,0.0334873018290083
"DEU","ARIMA(1,0,0) with non-zero mean",2020,0.912570263074845,0.885682562383323,0.939457963766368,"Europe","Germany","HIC",0.91,-0.00257026307484531,0.0243174376166773,-0.0294579637663679,TRUE,0.0537754013830452
"DEU","ARIMA(1,0,0) with non-zero mean",2021,0.914748671458323,0.879502915135732,0.949994427780913,"Europe","Germany","HIC",0.91,-0.00474867145832258,0.0304970848642679,-0.0399944277809131,TRUE,0.0704915126451811
"DEU","ARIMA(1,0,0) with non-zero mean",2022,0.916594966155409,0.876404142283269,0.95678579002755,"Europe","Germany","HIC",0.91,-0.00659496615540933,0.0335958577167309,-0.0467857900275496,TRUE,0.0803816477442805
"DJI","ARIMA(0,1,0)",2020,0.85,0.710319615013602,0.989680384986398,"Africa","Djibouti","LMIC",0.7,-0.15,-0.0103196150136021,-0.289680384986398,FALSE,0.279360769972796
"DJI","ARIMA(0,1,0)",2021,0.85,0.652462105154741,0.99,"Africa","Djibouti","LMIC",0.59,-0.26,-0.0624621051547408,-0.4,FALSE,0.337537894845259
"DJI","ARIMA(0,1,0)",2022,0.85,0.608066476382778,0.99,"Africa","Djibouti","LMIC",0.59,-0.26,-0.0180664763827778,-0.4,FALSE,0.381933523617222
"DMA","ARIMA(0,0,0) with non-zero mean",2020,0.9725,0.931350581878314,0.99,"Americas","Dominica","UMIC",0.96,-0.0124999999999997,0.0286494181216862,-0.03,TRUE,0.0586494181216862
"DMA","ARIMA(0,0,0) with non-zero mean",2021,0.9725,0.931350581878314,0.99,"Americas","Dominica","UMIC",0.92,-0.0524999999999997,-0.0113505818783137,-0.07,FALSE,0.0586494181216862
"DMA","ARIMA(0,0,0) with non-zero mean",2022,0.9725,0.931350581878314,0.99,"Americas","Dominica","UMIC",0.92,-0.0524999999999997,-0.0113505818783137,-0.07,FALSE,0.0586494181216862
"DNK","ARIMA(1,0,0) with non-zero mean",2020,0.965550359545163,0.926054636929182,0.99,"Europe","Denmark","HIC",0.97,0.00444964045483676,0.0439453630708175,-0.02,TRUE,0.0639453630708176
"DNK","ARIMA(1,0,0) with non-zero mean",2021,0.96196324131219,0.911231719315134,0.99,"Europe","Denmark","HIC",0.97,0.00803675868780962,0.0587682806848657,-0.02,TRUE,0.0787682806848657
"DNK","ARIMA(1,0,0) with non-zero mean",2022,0.959071453234495,0.902216090578509,0.99,"Europe","Denmark","HIC",0.97,0.0109285467655047,0.067783909421491,-0.02,TRUE,0.0877839094214911
"DOM","ARIMA(0,1,1)",2020,0.87323177642216,0.792487464396812,0.953976088447508,"Americas","Dominican Republic","UMIC",0.82,-0.05323177642216,0.0275125356031884,-0.133976088447509,TRUE,0.161488624050697
"DOM","ARIMA(0,1,1)",2021,0.87323177642216,0.785612418855126,0.960851133989194,"Americas","Dominican Republic","UMIC",0.84,-0.03323177642216,0.0543875811448741,-0.120851133989194,TRUE,0.175238715134068
"DOM","ARIMA(0,1,1)",2022,0.87323177642216,0.779238905860225,0.967224646984095,"Americas","Dominican Republic","UMIC",0.88,0.00676822357784002,0.100761094139775,-0.0872246469840953,TRUE,0.187985741123871
"DZA","ARIMA(1,0,0) with non-zero mean",2020,0.884432852199151,0.838234974019663,0.93063073037864,"Africa","Algeria","LMIC",0.84,-0.0444328521991513,0.00176502598033701,-0.0906307303786396,TRUE,0.0923957563589766
"DZA","ARIMA(1,0,0) with non-zero mean",2021,0.887987894896023,0.828768664181303,0.947207125610743,"Africa","Algeria","LMIC",0.81,-0.0779878948960229,-0.0187686641813027,-0.137207125610743,FALSE,0.11843846142944
"DZA","ARIMA(1,0,0) with non-zero mean",2022,0.890838955118378,0.824583583773761,0.957094326462995,"Africa","Algeria","LMIC",0.77,-0.120838955118378,-0.0545835837737609,-0.187094326462995,FALSE,0.132510742689234
"ECU","ARIMA(1,0,1) with non-zero mean",2020,0.852239524825842,0.805831032313963,0.898648017337722,"Americas","Ecuador","UMIC",0.7,-0.152239524825842,-0.105831032313963,-0.198648017337722,FALSE,0.092816985023759
"ECU","ARIMA(1,0,1) with non-zero mean",2021,0.859378701704621,0.78421338824106,0.934544015168182,"Americas","Ecuador","UMIC",0.72,-0.139378701704621,-0.0642133882410597,-0.214544015168182,FALSE,0.150330626927122
"ECU","ARIMA(1,0,1) with non-zero mean",2022,0.864373843706316,0.778575605648869,0.950172081763764,"Americas","Ecuador","UMIC",0.7,-0.164373843706316,-0.0785756056488689,-0.250172081763764,FALSE,0.171596476114895
"EGY","ARIMA(2,1,0)",2020,0.945972593840127,0.920758139361612,0.971187048318643,"Africa","Egypt","LMIC",0.94,-0.00597259384012749,0.0192418606383883,-0.0311870483186433,TRUE,0.0504289089570316
"EGY","ARIMA(2,1,0)",2021,0.949115850038063,0.923300941191627,0.974930758884499,"Africa","Egypt","LMIC",0.96,0.010884149961937,0.0366990588083728,-0.0149307588844988,TRUE,0.0516298176928716
"EGY","ARIMA(2,1,0)",2022,0.948284643437587,0.920324967942844,0.97624431893233,"Africa","Egypt","LMIC",0.97,0.021715356562413,0.0496750320571562,-0.00624431893233024,TRUE,0.0559193509894864
"ERI","ARIMA(1,0,1) with non-zero mean",2020,0.948269170818949,0.91147696327866,0.985061378359238,"Africa","Eritrea","LIC",0.95,0.00173082918105072,0.0385230367213397,-0.0350613783592383,TRUE,0.073584415080578
"ERI","ARIMA(1,0,1) with non-zero mean",2021,0.942412242736397,0.871968751537826,0.99,"Africa","Eritrea","LIC",0.95,0.0075877572636025,0.0780312484621736,-0.04,TRUE,0.118031248462174
"ERI","ARIMA(1,0,1) with non-zero mean",2022,0.937574369465656,0.851409346914681,0.99,"Africa","Eritrea","LIC",0.95,0.0124256305343442,0.0985906530853189,-0.04,TRUE,0.138590653085319
"ESP","ARIMA(0,0,0) with non-zero mean",2020,0.965,0.946460596734778,0.983539403265222,"Europe","Spain","HIC",0.94,-0.0249999999999999,-0.00646059673477783,-0.043539403265222,FALSE,0.0370788065304442
"ESP","ARIMA(0,0,0) with non-zero mean",2021,0.965,0.946460596734778,0.983539403265222,"Europe","Spain","HIC",0.92,-0.0449999999999998,-0.0264605967347777,-0.0635394032652219,FALSE,0.0370788065304442
"ESP","ARIMA(0,0,0) with non-zero mean",2022,0.965,0.946460596734778,0.983539403265222,"Europe","Spain","HIC",0.93,-0.0349999999999998,-0.0164605967347777,-0.0535394032652219,FALSE,0.0370788065304442
"EST","ARIMA(0,1,0)",2020,0.91,0.894418173441224,0.925581826558776,"Europe","Estonia","HIC",0.91,0,0.015581826558776,-0.015581826558776,TRUE,0.0311636531175521
"EST","ARIMA(0,1,0)",2021,0.91,0.887963969554034,0.932036030445966,"Europe","Estonia","HIC",0.9,-0.01,0.0120360304459664,-0.0320360304459664,TRUE,0.0440720608919327
"EST","ARIMA(0,1,0)",2022,0.91,0.883011484725474,0.936988515274526,"Europe","Estonia","HIC",0.85,-0.0600000000000001,-0.0330114847254739,-0.0869885152745262,FALSE,0.0539770305490523
"ETH","ARIMA(0,1,0) with drift",2020,0.7,0.657659741206963,0.742340258793037,"Africa","Ethiopia","LIC",0.71,0.0099999999999999,0.0523402587930369,-0.0323402587930371,TRUE,0.0846805175860741
"ETH","ARIMA(0,1,0) with drift",2021,0.72,0.6601218317805,0.7798781682195,"Africa","Ethiopia","LIC",0.65,-0.0700000000000001,-0.0101218317805004,-0.1298781682195,FALSE,0.119756336438999
"ETH","ARIMA(0,1,0) with drift",2022,0.74,0.666664520564845,0.813335479435155,"Africa","Ethiopia","LIC",0.65,-0.0900000000000001,-0.0166645205648449,-0.163335479435155,FALSE,0.14667095887031
"FIN","ARIMA(0,1,0)",2020,0.91,0.879500236769494,0.940499763230506,"Europe","Finland","HIC",0.9,-0.01,0.0204997632305058,-0.0404997632305059,TRUE,0.0609995264610117
"FIN","ARIMA(0,1,0)",2021,0.91,0.86686682119025,0.95313317880975,"Europe","Finland","HIC",0.89,-0.02,0.0231331788097496,-0.0631331788097497,TRUE,0.0862663576194993
"FIN","ARIMA(0,1,0)",2022,0.91,0.857172860465943,0.962827139534057,"Europe","Finland","HIC",0.91,0,0.0528271395340573,-0.0528271395340573,TRUE,0.105654279068115
"FJI","ARIMA(2,0,0) with non-zero mean",2020,0.985083902886759,0.953036567507321,0.99,"Oceania","Fiji","UMIC",0.99,0.00491609711324115,0.0369634324926785,0,TRUE,0.0369634324926785
"FJI","ARIMA(2,0,0) with non-zero mean",2021,0.987721543029346,0.935147903376579,0.99,"Oceania","Fiji","UMIC",0.99,0.00227845697065354,0.0548520966234208,0,TRUE,0.0548520966234208
"FJI","ARIMA(2,0,0) with non-zero mean",2022,0.982614936925359,0.918861639918333,0.99,"Oceania","Fiji","UMIC",0.99,0.00738506307464082,0.0711383600816667,0,TRUE,0.0711383600816667
"FRA","ARIMA(1,0,0) with non-zero mean",2020,0.961646330647379,0.949605515281751,0.973687146013008,"Europe","France","HIC",0.96,-0.00164633064737951,0.0103944847182493,-0.0136871460130084,TRUE,0.0240816307312577
"FRA","ARIMA(1,0,0) with non-zero mean",2021,0.963072097230463,0.947143584126405,0.979000610334521,"Europe","France","HIC",0.96,-0.00307209723046298,0.0128564158735949,-0.0190006103345208,TRUE,0.0318570262081157
"FRA","ARIMA(1,0,0) with non-zero mean",2022,0.964306849406566,0.945996469078426,0.982617229734706,"Europe","France","HIC",0.96,-0.00430684940656623,0.014003530921574,-0.0226172297347065,TRUE,0.0366207606562805
"FSM","ARIMA(0,0,0) with non-zero mean",2020,0.8025,0.657510766119892,0.947489233880108,"Oceania","Micronesia (Federated States of)","LMIC",0.83,0.0275000000000001,0.172489233880108,-0.117489233880108,TRUE,0.289978467760216
"FSM","ARIMA(0,0,0) with non-zero mean",2021,0.8025,0.657510766119892,0.947489233880108,"Oceania","Micronesia (Federated States of)","LMIC",0.72,-0.0824999999999999,0.062489233880108,-0.227489233880108,TRUE,0.289978467760216
"FSM","ARIMA(0,0,0) with non-zero mean",2022,0.8025,0.657510766119892,0.947489233880108,"Oceania","Micronesia (Federated States of)","LMIC",0.69,-0.1125,0.0324892338801079,-0.257489233880108,TRUE,0.289978467760216
"GAB","ARIMA(0,1,0)",2020,0.7,0.510987809984969,0.889012190015031,"Africa","Gabon","UMIC",0.63,-0.07,0.119012190015031,-0.259012190015031,TRUE,0.378024380030062
"GAB","ARIMA(0,1,0)",2021,0.7,0.432696397426903,0.967303602573097,"Africa","Gabon","UMIC",0.75,0.05,0.317303602573097,-0.217303602573097,TRUE,0.534607205146195
"GAB","ARIMA(0,1,0)",2022,0.7,0.372621283644104,0.99,"Africa","Gabon","UMIC",0.6,-0.1,0.227378716355896,-0.39,TRUE,0.617378716355896
"GBR","ARIMA(0,1,0)",2020,0.93,0.917275493670162,0.942724506329838,"Europe","United Kingdom","HIC",0.93,0,0.0127245063298379,-0.0127245063298379,TRUE,0.0254490126596758
"GBR","ARIMA(0,1,0)",2021,0.93,0.912004830573841,0.947995169426159,"Europe","United Kingdom","HIC",0.93,0,0.017995169426159,-0.017995169426159,TRUE,0.0359903388523179
"GBR","ARIMA(0,1,0)",2022,0.93,0.907960508535489,0.952039491464511,"Europe","United Kingdom","HIC",0.92,-0.01,0.012039491464511,-0.032039491464511,TRUE,0.044078982929022
"GEO","ARIMA(0,1,0)",2020,0.94,0.850069965394403,0.99,"Asia","Georgia","UMIC",0.88,-0.0599999999999999,0.0299300346055971,-0.11,TRUE,0.139930034605597
"GEO","ARIMA(0,1,0)",2021,0.94,0.812819725396083,0.99,"Asia","Georgia","UMIC",0.85,-0.09,0.0371802746039172,-0.14,TRUE,0.177180274603917
"GEO","ARIMA(0,1,0)",2022,0.94,0.784236610936679,0.99,"Asia","Georgia","UMIC",0.85,-0.09,0.0657633890633215,-0.14,TRUE,0.205763389063321
"GHA","ARIMA(0,1,0)",2020,0.97,0.874933213473776,0.99,"Africa","Ghana","LMIC",0.94,-0.03,0.0650667865262242,-0.05,TRUE,0.115066786526224
"GHA","ARIMA(0,1,0)",2021,0.97,0.835555261163386,0.99,"Africa","Ghana","LMIC",0.98,0.01,0.144444738836614,-0.01,TRUE,0.154444738836614
"GHA","ARIMA(0,1,0)",2022,0.97,0.805339495624275,0.99,"Africa","Ghana","LMIC",0.99,0.02,0.184660504375725,0,TRUE,0.184660504375725
"GMB","ARIMA(0,2,1)",2020,0.864694059795189,0.804648319974844,0.924739799615533,"Africa","Gambia","LIC",0.85,-0.0146940597951887,0.0453516800251561,-0.0747397996155335,TRUE,0.12009147964069
"GMB","ARIMA(0,2,1)",2021,0.849388119590377,0.75379879874237,0.944977440438384,"Africa","Gambia","LIC",0.82,-0.0293881195903773,0.0662012012576298,-0.124977440438385,TRUE,0.191178641696014
"GMB","ARIMA(0,2,1)",2022,0.834082179385566,0.703674445759416,0.964489913011715,"Africa","Gambia","LIC",0.79,-0.0440821793855659,0.0863255542405836,-0.174489913011715,TRUE,0.260815467252299
"GNB","ARIMA(1,2,0)",2020,0.795990357625207,0.754525817132291,0.837454898118122,"Africa","Guinea-Bissau","LIC",0.74,-0.0559903576252068,-0.0145258171322913,-0.0974548981181222,FALSE,0.082929080985831
"GNB","ARIMA(1,2,0)",2021,0.767196141721863,0.702422071005791,0.831970212437934,"Africa","Guinea-Bissau","LIC",0.67,-0.0971961417218625,-0.0324220710057911,-0.161970212437934,FALSE,0.129548141432143
"GNB","ARIMA(1,2,0)",2022,0.774223415646461,0.667681688845517,0.880765142447404,"Africa","Guinea-Bissau","LIC",0.74,-0.0342234156464607,0.0723183111544827,-0.140765142447404,TRUE,0.213083453601887
"GNQ","ARIMA(0,1,0)",2020,0.53,0.442810152016495,0.617189847983505,"Africa","Equatorial Guinea","UMIC",0.53,0,0.0871898479835049,-0.0871898479835049,TRUE,0.17437969596701
"GNQ","ARIMA(0,1,0)",2021,0.53,0.406694934480479,0.653305065519521,"Africa","Equatorial Guinea","UMIC",0.53,0,0.123305065519521,-0.123305065519521,TRUE,0.246610131039042
"GNQ","ARIMA(0,1,0)",2022,0.53,0.378982753388363,0.681017246611637,"Africa","Equatorial Guinea","UMIC",0.53,0,0.151017246611637,-0.151017246611637,TRUE,0.302034493223275
"GRC","ARIMA(0,2,1)",2020,0.99,0.979358798823176,0.99,"Europe","Greece","HIC",0.99,0,0.0106412011768241,0,TRUE,0.0106412011768241
"GRC","ARIMA(0,2,1)",2021,0.99,0.970085250919691,0.99,"Europe","Greece","HIC",0.99,0,0.0199147490803087,0,TRUE,0.0199147490803087
"GRC","ARIMA(0,2,1)",2022,0.99,0.95955700808547,0.99,"Europe","Greece","HIC",0.99,0,0.0304429919145298,0,TRUE,0.0304429919145298
"GRD","ARIMA(0,0,0) with non-zero mean",2020,0.95549999999991,0.884554091271321,0.99,"Americas","Grenada","UMIC",0.72,-0.23549999999991,-0.164554091271321,-0.27,FALSE,0.105445908728679
"GRD","ARIMA(0,0,0) with non-zero mean",2021,0.95549999999991,0.884554091271321,0.99,"Americas","Grenada","UMIC",0.77,-0.18549999999991,-0.114554091271321,-0.22,FALSE,0.105445908728679
"GRD","ARIMA(0,0,0) with non-zero mean",2022,0.95549999999991,0.884554091271321,0.99,"Americas","Grenada","UMIC",0.77,-0.18549999999991,-0.114554091271321,-0.22,FALSE,0.105445908728679
"GTM","ARIMA(0,0,1) with non-zero mean",2020,0.864054922759304,0.741503448240275,0.986606397278332,"Americas","Guatemala","UMIC",0.83,-0.0340549227593036,0.0884965517597246,-0.156606397278332,TRUE,0.245102949038056
"GTM","ARIMA(0,0,1) with non-zero mean",2021,0.86043720678696,0.72174138752182,0.99,"Americas","Guatemala","UMIC",0.79,-0.0704372067869601,0.0682586124781801,-0.2,TRUE,0.26825861247818
"GTM","ARIMA(0,0,1) with non-zero mean",2022,0.86043720678696,0.72174138752182,0.99,"Americas","Guatemala","UMIC",0.79,-0.0704372067869601,0.0682586124781801,-0.2,TRUE,0.26825861247818
"GUY","ARIMA(0,1,1) with drift",2020,0.987620088083278,0.944284459286915,0.99,"Americas","Guyana","HIC",0.99,0.00237991191672171,0.0457155407130847,0,TRUE,0.0457155407130847
"GUY","ARIMA(0,1,1) with drift",2021,0.99,0.947882280220169,0.99,"Americas","Guyana","HIC",0.98,-0.01,0.0321177197798315,-0.01,TRUE,0.0421177197798315
"GUY","ARIMA(0,1,1) with drift",2022,0.99,0.95154705248425,0.99,"Americas","Guyana","HIC",0.98,-0.01,0.0284529475157501,-0.01,TRUE,0.0384529475157501
"HND","ARIMA(1,0,0) with non-zero mean",2020,0.897097281436777,0.850801511276644,0.94339305159691,"Americas","Honduras","LMIC",0.8,-0.0970972814367769,-0.0508015112766441,-0.14339305159691,FALSE,0.0925915403202655
"HND","ARIMA(1,0,0) with non-zero mean",2021,0.909458451941951,0.852330238187524,0.966586665696377,"Americas","Honduras","LMIC",0.77,-0.139458451941951,-0.0823302381875243,-0.196586665696377,FALSE,0.114256427508853
"HND","ARIMA(1,0,0) with non-zero mean",2022,0.918395459665839,0.856353146779649,0.98043777255203,"Americas","Honduras","LMIC",0.78,-0.138395459665839,-0.076353146779649,-0.20043777255203,FALSE,0.124084625772381
"HRV","ARIMA(1,0,0) with non-zero mean",2020,0.94102179397957,0.923707187976374,0.958336399982767,"Europe","Croatia","HIC",0.94,-0.00102179397957047,0.0162928120236256,-0.0183363999827666,TRUE,0.0346292120063922
"HRV","ARIMA(1,0,0) with non-zero mean",2021,0.941836637151378,0.919690534038868,0.963982740263887,"Europe","Croatia","HIC",0.92,-0.0218366371513776,0.000309465961131905,-0.0439827402638872,TRUE,0.0442922062250191
"HRV","ARIMA(1,0,0) with non-zero mean",2022,0.942486444654569,0.917753955036366,0.967218934272773,"Europe","Croatia","HIC",0.92,-0.0224864446545693,0.00224604496363445,-0.047218934272773,TRUE,0.0494649792364075
"HUN","ARIMA(0,0,0) with non-zero mean",2020,0.99,0.99,0.99,"Europe","Hungary","HIC",0.99,0,0,0,TRUE,0
"HUN","ARIMA(0,0,0) with non-zero mean",2021,0.99,0.99,0.99,"Europe","Hungary","HIC",0.99,0,0,0,TRUE,0
"HUN","ARIMA(0,0,0) with non-zero mean",2022,0.99,0.99,0.99,"Europe","Hungary","HIC",0.99,0,0,0,TRUE,0
"IDN","ARIMA(0,1,0)",2020,0.85,0.793122707357008,0.906877292642992,"Asia","Indonesia","UMIC",0.77,-0.08,-0.0231227073570076,-0.136877292642992,FALSE,0.113754585285985
"IDN","ARIMA(0,1,0)",2021,0.85,0.769563361353217,0.930436638646783,"Asia","Indonesia","UMIC",0.67,-0.18,-0.0995633613532168,-0.260436638646783,FALSE,0.160873277293566
"IDN","ARIMA(0,1,0)",2022,0.85,0.751485639345374,0.948514360654626,"Asia","Indonesia","UMIC",0.85,0,0.0985143606546262,-0.0985143606546262,TRUE,0.197028721309252
"IND","ARIMA(0,1,0) with drift",2020,0.927368421052628,0.892894537057284,0.961842305047972,"Asia","India","LMIC",0.85,-0.0773684210526281,-0.0428945370572842,-0.111842305047972,FALSE,0.0689477679906878
"IND","ARIMA(0,1,0) with drift",2021,0.944736842105256,0.895983407811364,0.99,"Asia","India","LMIC",0.85,-0.094736842105256,-0.045983407811364,-0.14,FALSE,0.094016592188636
"IND","ARIMA(0,1,0) with drift",2022,0.962105263157884,0.902394744543713,0.99,"Asia","India","LMIC",0.93,-0.032105263157884,0.0276052554562871,-0.0599999999999999,TRUE,0.0876052554562871
"IRL","ARIMA(0,1,1)",2020,0.943548924548465,0.922064089681332,0.965033759415599,"Europe","Ireland","HIC",0.94,-0.00354892454846545,0.0179359103186679,-0.0250337594155988,TRUE,0.0429696697342667
"IRL","ARIMA(0,1,1)",2021,0.943548924548465,0.902483071820727,0.984614777276204,"Europe","Ireland","HIC",0.94,-0.00354892454846545,0.037516928179273,-0.0446147772762039,TRUE,0.0821317054554769
"IRL","ARIMA(0,1,1)",2022,0.943548924548465,0.889593291003444,0.99,"Europe","Ireland","HIC",0.93,-0.0135489245484653,0.0404067089965557,-0.0599999999999999,TRUE,0.100406708996556
"IRN","ARIMA(0,0,0) with non-zero mean",2020,0.984999999999989,0.963435707770769,0.99,"Asia","Iran (Islamic Republic of)","LMIC",0.99,0.00500000000001111,0.0265642922292307,0,TRUE,0.0265642922292307
"IRN","ARIMA(0,0,0) with non-zero mean",2021,0.984999999999989,0.963435707770769,0.99,"Asia","Iran (Islamic Republic of)","LMIC",0.98,-0.0049999999999889,0.0165642922292307,-0.01,TRUE,0.0265642922292307
"IRN","ARIMA(0,0,0) with non-zero mean",2022,0.984999999999989,0.963435707770769,0.99,"Asia","Iran (Islamic Republic of)","LMIC",0.99,0.00500000000001111,0.0265642922292307,0,TRUE,0.0265642922292307
"IRQ","ARIMA(1,0,0) with non-zero mean",2020,0.812766358484008,0.700566602104267,0.924966114863749,"Asia","Iraq","UMIC",0.74,-0.0727663584840079,0.0394333978957331,-0.184966114863749,TRUE,0.224399512759482
"IRQ","ARIMA(1,0,0) with non-zero mean",2021,0.794004737747435,0.657757007444538,0.930252468050332,"Asia","Iraq","UMIC",0.78,-0.0140047377474347,0.122242992555462,-0.150252468050332,TRUE,0.272495460605794
"IRQ","ARIMA(1,0,0) with non-zero mean",2022,0.781079605702338,0.634795542775066,0.927363668629611,"Asia","Iraq","UMIC",0.93,0.148920394297662,0.295204457224934,0.0026363313703891,FALSE,0.292568125854545
"ISL","ARIMA(0,1,0)",2020,0.92,0.867947780505999,0.972052219494002,"Europe","Iceland","HIC",0.93,0.01,0.0620522194940015,-0.0420522194940015,TRUE,0.104104438988003
"ISL","ARIMA(0,1,0)",2021,0.92,0.846387045239962,0.99,"Europe","Iceland","HIC",0.92,0,0.073612954760038,-0.07,TRUE,0.143612954760038
"ISL","ARIMA(0,1,0)",2022,0.92,0.829842911189662,0.99,"Europe","Iceland","HIC",0.92,0,0.0901570888103377,-0.07,TRUE,0.160157088810338
"ISR","ARIMA(0,1,0)",2020,0.98,0.946650695589806,0.99,"Asia","Israel","HIC",0.98,0,0.0333493044101945,-0.01,TRUE,0.0433493044101945
"ISR","ARIMA(0,1,0)",2021,0.98,0.932836961407394,0.99,"Asia","Israel","HIC",0.98,0,0.0471630385926058,-0.01,TRUE,0.0571630385926059
"ISR","ARIMA(0,1,0)",2022,0.98,0.922237310364462,0.99,"Asia","Israel","HIC",0.98,0,0.0577626896355377,-0.01,TRUE,0.0677626896355377
"ITA","ARIMA(1,0,0) with non-zero mean",2020,0.95557327371595,0.918836510176721,0.99,"Europe","Italy","HIC",0.94,-0.01557327371595,0.0211634898232789,-0.05,TRUE,0.0711634898232789
"ITA","ARIMA(1,0,0) with non-zero mean",2021,0.952080642496735,0.905286295288626,0.99,"Europe","Italy","HIC",0.94,-0.0120806424967355,0.0347137047113739,-0.05,TRUE,0.084713704711374
"ITA","ARIMA(1,0,0) with non-zero mean",2022,0.949325000505184,0.897241536109575,0.99,"Europe","Italy","HIC",0.95,0.000674999494815864,0.0527584638904253,-0.04,TRUE,0.0927584638904253
"JAM","ARIMA(0,0,0) with non-zero mean",2020,0.9475,0.887890022570529,0.99,"Americas","Jamaica","UMIC",0.96,0.0125000000000001,0.0721099774294712,-0.03,TRUE,0.102109977429471
"JAM","ARIMA(0,0,0) with non-zero mean",2021,0.9475,0.887890022570529,0.99,"Americas","Jamaica","UMIC",0.9,-0.0474999999999999,0.0121099774294713,-0.09,TRUE,0.102109977429471
"JAM","ARIMA(0,0,0) with non-zero mean",2022,0.9475,0.887890022570529,0.99,"Americas","Jamaica","UMIC",0.98,0.0325000000000001,0.0921099774294712,-0.01,TRUE,0.102109977429471
"JOR","ARIMA(0,0,0) with non-zero mean",2020,0.966999999999986,0.915300419624219,0.99,"Asia","Jordan","LMIC",0.77,-0.196999999999986,-0.145300419624219,-0.22,FALSE,0.0746995803757805
"JOR","ARIMA(0,0,0) with non-zero mean",2021,0.966999999999986,0.915300419624219,0.99,"Asia","Jordan","LMIC",0.77,-0.196999999999986,-0.145300419624219,-0.22,FALSE,0.0746995803757805
"JOR","ARIMA(0,0,0) with non-zero mean",2022,0.966999999999986,0.915300419624219,0.99,"Asia","Jordan","LMIC",0.77,-0.196999999999986,-0.145300419624219,-0.22,FALSE,0.0746995803757805
"JPN","ARIMA(1,0,0) with non-zero mean",2020,0.974766656281881,0.9239678551874,0.99,"Asia","Japan","HIC",0.96,-0.0147666562818806,0.0360321448125996,-0.03,TRUE,0.0660321448125997
"JPN","ARIMA(1,0,0) with non-zero mean",2021,0.9704634650061,0.904696800692515,0.99,"Asia","Japan","HIC",0.99,0.0195365349939003,0.0853031993074854,0,TRUE,0.0853031993074854
"JPN","ARIMA(1,0,0) with non-zero mean",2022,0.966925104800206,0.892730076102002,0.99,"Asia","Japan","HIC",0.99,0.0230748951997936,0.0972699238979984,0,TRUE,0.0972699238979984
"KAZ","ARIMA(0,0,0) with non-zero mean",2020,0.9595,0.860073187710801,0.99,"Asia","Kazakhstan","UMIC",0.88,-0.0794999999999998,0.0199268122891988,-0.11,TRUE,0.129926812289199
"KAZ","ARIMA(0,0,0) with non-zero mean",2021,0.9595,0.860073187710801,0.99,"Asia","Kazakhstan","UMIC",0.95,-0.00949999999999984,0.0899268122891987,-0.04,TRUE,0.129926812289199
"KAZ","ARIMA(0,0,0) with non-zero mean",2022,0.9595,0.860073187710801,0.99,"Asia","Kazakhstan","UMIC",0.99,0.0305000000000002,0.129926812289199,0,TRUE,0.129926812289199
"KEN","ARIMA(0,1,0)",2020,0.91,0.810161577153103,0.99,"Africa","Kenya","LMIC",0.89,-0.02,0.0798384228468974,-0.1,TRUE,0.179838422846897
"KEN","ARIMA(0,1,0)",2021,0.91,0.768807148363978,0.99,"Africa","Kenya","LMIC",0.91,0,0.141192851636022,-0.08,TRUE,0.221192851636022
"KEN","ARIMA(0,1,0)",2022,0.91,0.737074779081628,0.99,"Africa","Kenya","LMIC",0.9,-0.01,0.162925220918372,-0.09,TRUE,0.252925220918372
"KGZ","ARIMA(0,0,1) with non-zero mean",2020,0.953469585030834,0.918863496417943,0.988075673643726,"Asia","Kyrgyzstan","LMIC",0.87,-0.0834695850308345,-0.0488634964179431,-0.118075673643726,FALSE,0.0692121772257828
"KGZ","ARIMA(0,0,1) with non-zero mean",2021,0.96106769499908,0.919981709550153,0.99,"Asia","Kyrgyzstan","LMIC",0.89,-0.0710676949990797,-0.029981709550153,-0.1,FALSE,0.070018290449847
"KGZ","ARIMA(0,0,1) with non-zero mean",2022,0.96106769499908,0.919981709550153,0.99,"Asia","Kyrgyzstan","LMIC",0.9,-0.0610676949990797,-0.019981709550153,-0.09,FALSE,0.070018290449847
"KHM","ARIMA(0,1,0)",2020,0.88,0.762832465621228,0.99,"Asia","Cambodia","LMIC",0.87,-0.01,0.107167534378772,-0.12,TRUE,0.227167534378772
"KHM","ARIMA(0,1,0)",2021,0.88,0.714300083811725,0.99,"Asia","Cambodia","LMIC",0.87,-0.01,0.155699916188275,-0.12,TRUE,0.275699916188275
"KHM","ARIMA(0,1,0)",2022,0.88,0.677059877458394,0.99,"Asia","Cambodia","LMIC",0.85,-0.03,0.172940122541606,-0.14,TRUE,0.312940122541606
"KIR","ARIMA(1,0,0) with non-zero mean",2020,0.926815411575038,0.768847143919512,0.99,"Oceania","Kiribati","LMIC",0.92,-0.00681541157503818,0.151152856080488,-0.07,TRUE,0.221152856080488
"KIR","ARIMA(1,0,0) with non-zero mean",2021,0.901139573704995,0.717359136271798,0.99,"Oceania","Kiribati","LMIC",0.9,-0.00113957370499462,0.182640863728202,-0.09,TRUE,0.272640863728202
"KIR","ARIMA(1,0,0) with non-zero mean",2022,0.885873742204151,0.693796709884882,0.99,"Oceania","Kiribati","LMIC",0.91,0.0241262577958494,0.216203290115118,-0.08,TRUE,0.296203290115118
"KNA","ARIMA(0,0,0) with non-zero mean",2020,0.977999999999999,0.952091615577085,0.99,"Americas","Saint Kitts and Nevis","HIC",0.99,0.0120000000000006,0.0379083844229147,0,TRUE,0.0379083844229147
"KNA","ARIMA(0,0,0) with non-zero mean",2021,0.977999999999999,0.952091615577085,0.99,"Americas","Saint Kitts and Nevis","HIC",0.96,-0.0179999999999995,0.00790838442291464,-0.03,TRUE,0.0379083844229147
"KNA","ARIMA(0,0,0) with non-zero mean",2022,0.977999999999999,0.952091615577085,0.99,"Americas","Saint Kitts and Nevis","HIC",0.96,-0.0179999999999995,0.00790838442291464,-0.03,TRUE,0.0379083844229147
"KOR","ARIMA(0,0,0) with non-zero mean",2020,0.964,0.907337394642255,0.99,"Asia","Republic of Korea","HIC",0.98,0.0160000000000002,0.0726626053577448,-0.01,TRUE,0.0826626053577448
"KOR","ARIMA(0,0,0) with non-zero mean",2021,0.964,0.907337394642255,0.99,"Asia","Republic of Korea","HIC",0.98,0.0160000000000002,0.0726626053577448,-0.01,TRUE,0.0826626053577448
"KOR","ARIMA(0,0,0) with non-zero mean",2022,0.964,0.907337394642255,0.99,"Asia","Republic of Korea","HIC",0.98,0.0160000000000002,0.0726626053577448,-0.01,TRUE,0.0826626053577448
"KWT","ARIMA(1,0,0) with non-zero mean",2020,0.948665509678488,0.905604496393582,0.99,"Asia","Kuwait","HIC",0.93,-0.0186655096784879,0.0243955036064177,-0.0599999999999999,TRUE,0.0843955036064177
"KWT","ARIMA(1,0,0) with non-zero mean",2021,0.962662277413172,0.914742190479788,0.99,"Asia","Kuwait","HIC",0.94,-0.0226622774131719,0.0252578095202117,-0.05,TRUE,0.0752578095202118
"KWT","ARIMA(1,0,0) with non-zero mean",2022,0.969496605817446,0.920489108556925,0.99,"Asia","Kuwait","HIC",0.96,-0.00949660581744616,0.0395108914430752,-0.03,TRUE,0.0695108914430752
"LAO","ARIMA(0,1,0)",2020,0.8,0.706003149653334,0.893996850346666,"Asia","Lao People's Democratic Republic","LMIC",0.79,-0.01,0.0839968503466658,-0.103996850346666,TRUE,0.187993700693332
"LAO","ARIMA(0,1,0)",2021,0.8,0.667068379419391,0.932931620580609,"Asia","Lao People's Democratic Republic","LMIC",0.75,-0.05,0.082931620580609,-0.182931620580609,TRUE,0.265863241161218
"LAO","ARIMA(0,1,0)",2022,0.8,0.637192679448127,0.962807320551874,"Asia","Lao People's Democratic Republic","LMIC",0.8,0,0.162807320551874,-0.162807320551874,TRUE,0.325614641103747
"LBN","ARIMA(1,1,0)",2020,0.83,0.807832698145348,0.852167301854652,"Asia","Lebanon","LMIC",0.71,-0.12,-0.0978326981453477,-0.142167301854652,FALSE,0.0443346037093046
"LBN","ARIMA(1,1,0)",2021,0.83,0.786462960426296,0.873537039573704,"Asia","Lebanon","LMIC",0.67,-0.16,-0.116462960426296,-0.203537039573704,FALSE,0.0870740791474085
"LBN","ARIMA(1,1,0)",2022,0.83,0.765169589828176,0.894830410171824,"Asia","Lebanon","LMIC",0.67,-0.16,-0.095169589828176,-0.224830410171824,FALSE,0.129660820343648
"LBR","ARIMA(0,1,0)",2020,0.7,0.512221963172504,0.887778036827496,"Africa","Liberia","LIC",0.65,-0.0499999999999999,0.137778036827496,-0.237778036827496,TRUE,0.375556073654992
"LBR","ARIMA(0,1,0)",2021,0.7,0.43444175360276,0.96555824639724,"Africa","Liberia","LIC",0.66,-0.0399999999999999,0.22555824639724,-0.30555824639724,TRUE,0.531116492794479
"LBR","ARIMA(0,1,0)",2022,0.7,0.374758899669237,0.99,"Africa","Liberia","LIC",0.78,0.0800000000000001,0.405241100330763,-0.21,TRUE,0.615241100330763
"LBY","ARIMA(1,0,0) with non-zero mean",2020,0.764661280605655,0.656549034040997,0.872773527170313,"Africa","Libya","UMIC",0.73,-0.0346612806056551,0.0734509659590029,-0.142773527170313,TRUE,0.216224493129316
"LBY","ARIMA(1,0,0) with non-zero mean",2021,0.792649246868415,0.653692040698756,0.931606453038073,"Africa","Libya","UMIC",0.73,-0.0626492468684146,0.0763079593012439,-0.201606453038073,TRUE,0.277914412339317
"LBY","ARIMA(1,0,0) with non-zero mean",2022,0.815248707760738,0.659434828904013,0.971062586617463,"Africa","Libya","UMIC",0.73,-0.0852487077607382,0.070565171095987,-0.241062586617463,TRUE,0.311627757713451
"LCA","ARIMA(1,1,0)",2020,0.944679856932445,0.788604772602545,0.99,"Americas","Saint Lucia","UMIC",0.86,-0.0846798569324448,0.0713952273974546,-0.13,TRUE,0.201395227397455
"LCA","ARIMA(1,1,0)",2021,0.924376678992247,0.765866405151089,0.99,"Americas","Saint Lucia","UMIC",0.8,-0.124376678992247,0.0341335948489115,-0.19,TRUE,0.224133594848911
"LCA","ARIMA(1,1,0)",2022,0.941079329886849,0.73396622922035,0.99,"Americas","Saint Lucia","UMIC",0.81,-0.131079329886849,0.0760337707796503,-0.18,TRUE,0.25603377077965
"LKA","ARIMA(2,1,0)",2020,0.99,0.976762506626411,0.99,"Asia","Sri Lanka","LMIC",0.96,-0.03,-0.0167625066264114,-0.03,FALSE,0.0132374933735886
"LKA","ARIMA(2,1,0)",2021,0.99,0.976705604901597,0.99,"Asia","Sri Lanka","LMIC",0.96,-0.03,-0.0167056049015972,-0.03,FALSE,0.0132943950984028
"LKA","ARIMA(2,1,0)",2022,0.99,0.975017002223586,0.99,"Asia","Sri Lanka","LMIC",0.98,-0.01,0.00498299777641376,-0.01,TRUE,0.0149829977764138
"LTU","ARIMA(2,0,0) with non-zero mean",2020,0.931993907379336,0.909664432745606,0.954323382013065,"Europe","Lithuania","HIC",0.91,-0.0219939073793357,0.000335567254393654,-0.0443233820130651,TRUE,0.0446589492674587
"LTU","ARIMA(2,0,0) with non-zero mean",2021,0.941552835843888,0.912999205524958,0.970106466162818,"Europe","Lithuania","HIC",0.9,-0.041552835843888,-0.0129992055249578,-0.0701064661628182,FALSE,0.0571072606378604
"LTU","ARIMA(2,0,0) with non-zero mean",2022,0.944300497217812,0.915292269193246,0.973308725242377,"Europe","Lithuania","HIC",0.9,-0.0443004972178115,-0.0152922691932456,-0.0733087252423774,FALSE,0.0580164560491319
"LUX","ARIMA(0,0,0) with non-zero mean",2020,0.9895,0.985117387297117,0.99,"Europe","Luxembourg","HIC",0.99,0.000499999999999945,0.00488261270288282,0,TRUE,0.00488261270288282
"LUX","ARIMA(0,0,0) with non-zero mean",2021,0.9895,0.985117387297117,0.99,"Europe","Luxembourg","HIC",0.99,0.000499999999999945,0.00488261270288282,0,TRUE,0.00488261270288282
"LUX","ARIMA(0,0,0) with non-zero mean",2022,0.9895,0.985117387297117,0.99,"Europe","Luxembourg","HIC",0.99,0.000499999999999945,0.00488261270288282,0,TRUE,0.00488261270288282
"LVA","ARIMA(1,0,0) with non-zero mean",2020,0.981638022303634,0.945717777033122,0.99,"Europe","Latvia","HIC",0.99,0.00836197769636571,0.0442822229668781,0,TRUE,0.0442822229668781
"LVA","ARIMA(1,0,0) with non-zero mean",2021,0.975548271049354,0.931111971343388,0.99,"Europe","Latvia","HIC",0.94,-0.0355482710493538,0.00888802865661154,-0.05,TRUE,0.0588880286566116
"LVA","ARIMA(1,0,0) with non-zero mean",2022,0.971113307015053,0.922765300837469,0.99,"Europe","Latvia","HIC",0.95,-0.0211133070150527,0.0272346991625306,-0.04,TRUE,0.0672346991625307
"MAR","ARIMA(0,1,0)",2020,0.99,0.951843831689862,0.99,"Africa","Morocco","LMIC",0.99,0,0.0381561683101378,0,TRUE,0.0381561683101378
"MAR","ARIMA(0,1,0)",2021,0.99,0.936039029287613,0.99,"Africa","Morocco","LMIC",0.99,0,0.0539609707123874,0,TRUE,0.0539609707123874
"MAR","ARIMA(0,1,0)",2022,0.99,0.923911577864692,0.99,"Africa","Morocco","LMIC",0.99,0,0.0660884221353082,0,TRUE,0.0660884221353082
"MCO","ARIMA(0,0,0) with non-zero mean",2020,0.99,0.99,0.99,"Europe","Monaco","HIC",0.99,0,0,0,TRUE,0
"MCO","ARIMA(0,0,0) with non-zero mean",2021,0.99,0.99,0.99,"Europe","Monaco","HIC",0.99,0,0,0,TRUE,0
"MCO","ARIMA(0,0,0) with non-zero mean",2022,0.99,0.99,0.99,"Europe","Monaco","HIC",0.99,0,0,0,TRUE,0
"MDA","ARIMA(0,1,0)",2020,0.91,0.85641672385461,0.96358327614539,"Europe","Republic of Moldova","UMIC",0.86,-0.05,0.00358327614538967,-0.10358327614539,TRUE,0.107166552290779
"MDA","ARIMA(0,1,0)",2021,0.91,0.834221804158807,0.985778195841193,"Europe","Republic of Moldova","UMIC",0.87,-0.04,0.0357781958411928,-0.115778195841193,TRUE,0.151556391682386
"MDA","ARIMA(0,1,0)",2022,0.91,0.817191043280192,0.99,"Europe","Republic of Moldova","UMIC",0.88,-0.03,0.0628089567198084,-0.11,TRUE,0.172808956719808
"MDG","ARIMA(1,0,0) with non-zero mean",2020,0.697716248817563,0.593333485843456,0.80209901179167,"Africa","Madagascar","LIC",0.68,-0.0177162488175627,0.0866665141565441,-0.12209901179167,TRUE,0.208765525948214
"MDG","ARIMA(1,0,0) with non-zero mean",2021,0.695911456982411,0.562868067093885,0.828954846870937,"Africa","Madagascar","LIC",0.57,-0.125911456982411,0.00713193290611458,-0.258954846870937,TRUE,0.266086779777052
"MDG","ARIMA(1,0,0) with non-zero mean",2022,0.694485174822919,0.546328611643315,0.842641738002523,"Africa","Madagascar","LIC",0.57,-0.124485174822919,0.0236713883566845,-0.272641738002523,TRUE,0.296313126359207
"MDV","ARIMA(0,0,1) with non-zero mean",2020,0.978899699581268,0.960851990122655,0.99,"Asia","Maldives","UMIC",0.99,0.0111003004187321,0.0291480098773446,0,TRUE,0.0291480098773446
"MDV","ARIMA(0,0,1) with non-zero mean",2021,0.980401388314295,0.960653407849527,0.99,"Asia","Maldives","UMIC",0.96,-0.0204013883142947,-0.000653407849527166,-0.03,FALSE,0.0293465921504729
"MDV","ARIMA(0,0,1) with non-zero mean",2022,0.980401388314295,0.960653407849527,0.99,"Asia","Maldives","UMIC",0.99,0.0095986116857053,0.0293465921504729,0,TRUE,0.0293465921504729
"MEX","ARIMA(0,1,0)",2020,0.82,0.726649926113719,0.913350073886281,"Americas","Mexico","UMIC",0.72,-0.1,-0.0066499261137194,-0.193350073886281,FALSE,0.186700147772561
"MEX","ARIMA(0,1,0)",2021,0.82,0.687983059461491,0.952016940538508,"Americas","Mexico","UMIC",0.78,-0.0399999999999999,0.0920169405385086,-0.172016940538508,TRUE,0.264033881077017
"MEX","ARIMA(0,1,0)",2022,0.82,0.658312929138653,0.981687070861347,"Americas","Mexico","UMIC",0.83,0.01,0.171687070861347,-0.151687070861347,TRUE,0.323374141722693
"MHL","ARIMA(1,0,0) with non-zero mean",2020,0.775773170334349,0.560545520460057,0.99,"Oceania","Marshall Islands","UMIC",0.82,0.0442268296656505,0.259454479539943,-0.17,TRUE,0.429454479539943
"MHL","ARIMA(1,0,0) with non-zero mean",2021,0.764764027472598,0.492621251065634,0.99,"Oceania","Marshall Islands","UMIC",0.86,0.0952359725274023,0.367378748934366,-0.13,TRUE,0.497378748934366
"MHL","ARIMA(1,0,0) with non-zero mean",2022,0.756244826118617,0.455126914648792,0.99,"Oceania","Marshall Islands","UMIC",0.86,0.103755173881383,0.404873085351208,-0.13,TRUE,0.534873085351208
"MKD","ARIMA(0,0,0) with non-zero mean",2020,0.944,0.903581799780161,0.984418200219839,"Europe","North Macedonia","UMIC",0.84,-0.104,-0.063581799780161,-0.144418200219839,FALSE,0.0808364004396775
"MKD","ARIMA(0,0,0) with non-zero mean",2021,0.944,0.903581799780161,0.984418200219839,"Europe","North Macedonia","UMIC",0.81,-0.134,-0.0935817997801609,-0.174418200219838,FALSE,0.0808364004396775
"MKD","ARIMA(0,0,0) with non-zero mean",2022,0.944,0.903581799780161,0.984418200219839,"Europe","North Macedonia","UMIC",0.84,-0.104,-0.063581799780161,-0.144418200219839,FALSE,0.0808364004396775
"MLI","ARIMA(2,0,0) with non-zero mean",2020,0.754712832452478,0.674405858392214,0.835019806512743,"Africa","Mali","LIC",0.7,-0.0547128324524784,0.0255941416077863,-0.135019806512743,TRUE,0.160613948120529
"MLI","ARIMA(2,0,0) with non-zero mean",2021,0.732178055066713,0.589128727223101,0.875227382910325,"Africa","Mali","LIC",0.77,0.0378219449332872,0.180871272776899,-0.105227382910325,TRUE,0.286098655687224
"MLI","ARIMA(2,0,0) with non-zero mean",2022,0.708390329420539,0.518446397610948,0.898334261230129,"Africa","Mali","LIC",0.77,0.0616096705794611,0.251553602389052,-0.128334261230129,TRUE,0.379887863619181
"MLT","ARIMA(2,0,0) with non-zero mean",2020,0.965762734730867,0.861760398091819,0.99,"Europe","Malta","HIC",0.98,0.0142372652691332,0.118239601908181,-0.01,TRUE,0.128239601908181
"MLT","ARIMA(2,0,0) with non-zero mean",2021,0.94589080652702,0.789939243830924,0.99,"Europe","Malta","HIC",0.99,0.0441091934729803,0.200060756169076,0,TRUE,0.200060756169076
"MLT","ARIMA(2,0,0) with non-zero mean",2022,0.929329889875188,0.749955949536184,0.99,"Europe","Malta","HIC",0.98,0.0506701101248118,0.230044050463816,-0.01,TRUE,0.240044050463816
"MNG","ARIMA(1,0,0) with non-zero mean",2020,0.977852256655002,0.949614502250804,0.99,"Asia","Mongolia","LMIC",0.96,-0.0178522566550021,0.0103854977491957,-0.03,TRUE,0.0403854977491958
"MNG","ARIMA(1,0,0) with non-zero mean",2021,0.976470667829268,0.942895012908244,0.99,"Asia","Mongolia","LMIC",0.95,-0.0264706678292682,0.00710498709175633,-0.04,TRUE,0.0471049870917564
"MNG","ARIMA(1,0,0) with non-zero mean",2022,0.975581926775623,0.940031114628726,0.99,"Asia","Mongolia","LMIC",0.95,-0.0255819267756232,0.00996888537127361,-0.04,TRUE,0.0499688853712736
"MOZ","ARIMA(0,1,0)",2020,0.88,0.820346810401072,0.939653189598928,"Africa","Mozambique","LIC",0.79,-0.09,-0.0303468104010725,-0.149653189598927,FALSE,0.119306379197855
"MOZ","ARIMA(0,1,0)",2021,0.88,0.795637650230383,0.964362349769617,"Africa","Mozambique","LIC",0.61,-0.27,-0.185637650230383,-0.354362349769617,FALSE,0.168724699539234
"MOZ","ARIMA(0,1,0)",2022,0.88,0.776677644781118,0.983322355218882,"Africa","Mozambique","LIC",0.61,-0.27,-0.166677644781118,-0.373322355218882,FALSE,0.206644710437763
"MRT","ARIMA(0,0,0) with non-zero mean",2020,0.7365,0.581352382704366,0.891647617295634,"Africa","Mauritania","LMIC",0.72,-0.0164999999999998,0.138647617295634,-0.171647617295634,TRUE,0.310295234591268
"MRT","ARIMA(0,0,0) with non-zero mean",2021,0.7365,0.581352382704366,0.891647617295634,"Africa","Mauritania","LMIC",0.68,-0.0564999999999998,0.0986476172956344,-0.211647617295634,TRUE,0.310295234591268
"MRT","ARIMA(0,0,0) with non-zero mean",2022,0.7365,0.581352382704366,0.891647617295634,"Africa","Mauritania","LMIC",0.76,0.0235000000000002,0.178647617295634,-0.131647617295634,TRUE,0.310295234591268
"MUS","ARIMA(1,0,0) with non-zero mean",2020,0.958746533380357,0.901466115593037,0.99,"Africa","Mauritius","UMIC",0.93,-0.0287465333803567,0.0285338844069633,-0.0599999999999999,TRUE,0.0885338844069632
"MUS","ARIMA(1,0,0) with non-zero mean",2021,0.958032145952554,0.892101925371386,0.99,"Africa","Mauritius","UMIC",0.92,-0.0380321459525536,0.0278980746286143,-0.07,TRUE,0.0978980746286142
"MUS","ARIMA(1,0,0) with non-zero mean",2022,0.957624995583325,0.889119743215417,0.99,"Africa","Mauritius","UMIC",0.95,-0.00762499558332519,0.0608802567845832,-0.04,TRUE,0.100880256784583
"MWI","ARIMA(0,0,0) with non-zero mean",2020,0.889,0.733770956622442,0.99,"Africa","Malawi","LIC",0.94,0.0509999999999999,0.206229043377558,-0.05,TRUE,0.256229043377558
"MWI","ARIMA(0,0,0) with non-zero mean",2021,0.889,0.733770956622442,0.99,"Africa","Malawi","LIC",0.93,0.041,0.196229043377558,-0.0599999999999999,TRUE,0.256229043377558
"MWI","ARIMA(0,0,0) with non-zero mean",2022,0.889,0.733770956622442,0.99,"Africa","Malawi","LIC",0.86,-0.029,0.126229043377558,-0.13,TRUE,0.256229043377558
"MYS","ARIMA(0,1,0)",2020,0.98,0.956202859491418,0.99,"Asia","Malaysia","UMIC",0.98,0,0.0237971405085822,-0.01,TRUE,0.0337971405085822
"MYS","ARIMA(0,1,0)",2021,0.98,0.946345761147065,0.99,"Asia","Malaysia","UMIC",0.95,-0.03,0.00365423885293514,-0.04,TRUE,0.0436542388529352
"MYS","ARIMA(0,1,0)",2022,0.98,0.93878214356428,0.99,"Asia","Malaysia","UMIC",0.97,-0.01,0.0312178564357198,-0.02,TRUE,0.0512178564357199
"NAM","ARIMA(0,1,0)",2020,0.87,0.814199196718315,0.925800803281685,"Africa","Namibia","UMIC",0.93,0.0600000000000001,0.115800803281685,0.00419919671831481,FALSE,0.11160160656337
"NAM","ARIMA(0,1,0)",2021,0.87,0.791085747207728,0.948914252792272,"Africa","Namibia","UMIC",0.94,0.07,0.148914252792272,-0.00891425279227243,TRUE,0.157828505584545
"NAM","ARIMA(0,1,0)",2022,0.87,0.773350173612965,0.966649826387035,"Africa","Namibia","UMIC",0.84,-0.03,0.066649826387035,-0.126649826387035,TRUE,0.19329965277407
"NER","ARIMA(0,1,0) with drift",2020,0.834736842105367,0.755157874421085,0.914315809789649,"Africa","Niger","LIC",0.81,-0.0247368421053666,0.0548421255789154,-0.104315809789649,TRUE,0.159157935368564
"NER","ARIMA(0,1,0) with drift",2021,0.859473684210733,0.746932028831971,0.972015339589495,"Africa","Niger","LIC",0.82,-0.0394736842107333,0.0730679711680287,-0.152015339589495,TRUE,0.225083310757524
"NER","ARIMA(0,1,0) with drift",2022,0.8842105263161,0.746375711073041,0.99,"Africa","Niger","LIC",0.84,-0.0442105263160998,0.0936242889269585,-0.15,TRUE,0.243624288926959
"NGA","ARIMA(0,1,0)",2020,0.66,0.547049993673918,0.772950006326082,"Africa","Nigeria","LMIC",0.62,-0.04,0.0729500063260817,-0.152950006326082,TRUE,0.225900012652164
"NGA","ARIMA(0,1,0)",2021,0.66,0.500264569183528,0.819735430816472,"Africa","Nigeria","LMIC",0.62,-0.04,0.119735430816472,-0.199735430816472,TRUE,0.319470861632943
"NGA","ARIMA(0,1,0)",2022,0.66,0.464364850328,0.855635149672,"Africa","Nigeria","LMIC",0.62,-0.04,0.155635149672,-0.235635149672,TRUE,0.391270299343999
"NIC","ARIMA(0,1,0)",2020,0.98,0.922240645815754,0.99,"Americas","Nicaragua","LMIC",0.92,-0.0599999999999999,-0.00224064581575445,-0.07,FALSE,0.0677593541842455
"NIC","ARIMA(0,1,0)",2021,0.98,0.898315937958729,0.99,"Americas","Nicaragua","LMIC",0.87,-0.11,-0.0283159379587289,-0.12,FALSE,0.0916840620412711
"NIC","ARIMA(0,1,0)",2022,0.98,0.879957863940521,0.99,"Americas","Nicaragua","LMIC",0.92,-0.0599999999999999,0.0400421360594793,-0.07,TRUE,0.110042136059479
"NLD","ARIMA(0,1,0)",2020,0.94,0.925080533507927,0.954919466492073,"Europe","Netherlands (Kingdom of the)","HIC",0.94,0,0.0149194664920727,-0.0149194664920727,TRUE,0.0298389329841453
"NLD","ARIMA(0,1,0)",2021,0.94,0.91890068814354,0.96109931185646,"Europe","Netherlands (Kingdom of the)","HIC",0.95,0.01,0.0310993118564601,-0.0110993118564601,TRUE,0.0421986237129202
"NLD","ARIMA(0,1,0)",2022,0.94,0.914158726013909,0.965841273986091,"Europe","Netherlands (Kingdom of the)","HIC",0.93,-0.0099999999999999,0.0158412739860914,-0.0358412739860912,TRUE,0.0516825479721825
"NOR","ARIMA(0,1,0)",2020,0.97,0.945782409439516,0.99,"Europe","Norway","HIC",0.97,0,0.0242175905604838,-0.02,TRUE,0.0442175905604838
"NOR","ARIMA(0,1,0)",2021,0.97,0.935751154981365,0.99,"Europe","Norway","HIC",0.97,0,0.0342488450186348,-0.02,TRUE,0.0542488450186348
"NOR","ARIMA(0,1,0)",2022,0.97,0.928053902712342,0.99,"Europe","Norway","HIC",0.97,0,0.0419460972876583,-0.02,TRUE,0.0619460972876583
"NPL","ARIMA(0,1,1) with drift",2020,0.947509292037551,0.866944471169995,0.99,"Asia","Nepal","LMIC",0.84,-0.107509292037551,-0.0269444711699953,-0.15,FALSE,0.123055528830005
"NPL","ARIMA(0,1,1) with drift",2021,0.95813890999098,0.875482857928326,0.99,"Asia","Nepal","LMIC",0.91,-0.0481389099909796,0.0345171420716744,-0.08,TRUE,0.114517142071674
"NPL","ARIMA(0,1,1) with drift",2022,0.968768527944408,0.884072863806585,0.99,"Asia","Nepal","LMIC",0.9,-0.0687685279444081,0.0159271361934153,-0.09,TRUE,0.105927136193415
"NRU","ARIMA(0,1,0)",2020,0.96,0.663642245408498,0.99,"Oceania","Nauru","HIC",0.95,-0.01,0.286357754591502,-0.04,TRUE,0.326357754591502
"NRU","ARIMA(0,1,0)",2021,0.96,0.540886844142261,0.99,"Oceania","Nauru","HIC",0.98,0.02,0.439113155857739,-0.01,TRUE,0.449113155857739
"NRU","ARIMA(0,1,0)",2022,0.96,0.44669331183049,0.99,"Oceania","Nauru","HIC",0.98,0.02,0.53330668816951,-0.01,TRUE,0.54330668816951
"NZL","ARIMA(0,1,0)",2020,0.92,0.895368518175422,0.944631481824578,"Oceania","New Zealand","HIC",0.92,0,0.0246314818245776,-0.0246314818245776,TRUE,0.0492629636491553
"NZL","ARIMA(0,1,0)",2021,0.92,0.885165824342336,0.954834175657664,"Oceania","New Zealand","HIC",0.9,-0.02,0.0148341756576641,-0.0548341756576641,TRUE,0.0696683513153282
"NZL","ARIMA(0,1,0)",2022,0.92,0.877337022014122,0.962662977985878,"Oceania","New Zealand","HIC",0.89,-0.03,0.0126629779858779,-0.072662977985878,TRUE,0.0853259559717559
"OMN","ARIMA(0,0,0) with non-zero mean",2020,0.987999999999984,0.979956477523965,0.99,"Asia","Oman","HIC",0.99,0.00200000000001643,0.010043522476035,0,TRUE,0.010043522476035
"OMN","ARIMA(0,0,0) with non-zero mean",2021,0.987999999999984,0.979956477523965,0.99,"Asia","Oman","HIC",0.99,0.00200000000001643,0.010043522476035,0,TRUE,0.010043522476035
"OMN","ARIMA(0,0,0) with non-zero mean",2022,0.987999999999984,0.979956477523965,0.99,"Asia","Oman","HIC",0.99,0.00200000000001643,0.010043522476035,0,TRUE,0.010043522476035
"PAK","ARIMA(0,1,0)",2020,0.84,0.763824577328513,0.916175422671486,"Asia","Pakistan","LMIC",0.8,-0.0399999999999999,0.0361754226714865,-0.116175422671486,TRUE,0.152350845342973
"PAK","ARIMA(0,1,0)",2021,0.84,0.732271684138481,0.947728315861519,"Asia","Pakistan","LMIC",0.83,-0.01,0.0977283158615192,-0.117728315861519,TRUE,0.215456631723038
"PAK","ARIMA(0,1,0)",2022,0.84,0.708060297644951,0.971939702355049,"Asia","Pakistan","LMIC",0.85,0.01,0.141939702355049,-0.121939702355049,TRUE,0.263879404710098
"PAN","ARIMA(0,1,0)",2020,0.88,0.779656291046609,0.980343708953391,"Americas","Panama","HIC",0.74,-0.14,-0.0396562910466094,-0.240343708953391,FALSE,0.200687417906781
"PAN","ARIMA(0,1,0)",2021,0.88,0.738092565899296,0.99,"Americas","Panama","HIC",0.87,-0.01,0.131907434100704,-0.12,TRUE,0.251907434100704
"PAN","ARIMA(0,1,0)",2022,0.88,0.706199597872823,0.99,"Americas","Panama","HIC",0.87,-0.01,0.163800402127177,-0.12,TRUE,0.283800402127177
"PER","ARIMA(0,0,0) with non-zero mean",2020,0.905999999999911,0.818486253672806,0.99,"Americas","Peru","UMIC",0.72,-0.185999999999911,-0.0984862536728062,-0.27,FALSE,0.171513746327194
"PER","ARIMA(0,0,0) with non-zero mean",2021,0.905999999999911,0.818486253672806,0.99,"Americas","Peru","UMIC",0.82,-0.0859999999999114,0.00151374632719381,-0.17,TRUE,0.171513746327194
"PER","ARIMA(0,0,0) with non-zero mean",2022,0.905999999999911,0.818486253672806,0.99,"Americas","Peru","UMIC",0.82,-0.0859999999999114,0.00151374632719381,-0.17,TRUE,0.171513746327194
"PHL","ARIMA(1,0,0) with non-zero mean",2020,0.728017504242699,0.652454980309761,0.803580028175636,"Asia","Philippines","LMIC",0.71,-0.0180175042426985,0.0575450196902385,-0.0935800281756356,TRUE,0.151125047865874
"PHL","ARIMA(1,0,0) with non-zero mean",2021,0.742605151373517,0.645381318493153,0.83982898425388,"Asia","Philippines","LMIC",0.57,-0.172605151373517,-0.0753813184931534,-0.26982898425388,FALSE,0.194447665760727
"PHL","ARIMA(1,0,0) with non-zero mean",2022,0.754415857559392,0.645301636144175,0.863530078974608,"Asia","Philippines","LMIC",0.72,-0.0344158575593919,0.0746983638558245,-0.143530078974608,TRUE,0.218228442830433
"PLW","ARIMA(1,0,0) with non-zero mean",2020,0.945618704250238,0.734054554446713,0.99,"Oceania","Palau","UMIC",0.96,0.014381295749762,0.225945445553287,-0.03,TRUE,0.255945445553287
"PLW","ARIMA(1,0,0) with non-zero mean",2021,0.933455255248718,0.69702479902011,0.99,"Oceania","Palau","UMIC",0.95,0.0165447447512824,0.25297520097989,-0.04,TRUE,0.29297520097989
"PLW","ARIMA(1,0,0) with non-zero mean",2022,0.927387099842579,0.685164186097768,0.99,"Oceania","Palau","UMIC",0.94,0.0126129001574212,0.254835813902232,-0.05,TRUE,0.304835813902232
"PNG","ARIMA(0,1,0)",2020,0.35,0.230694986608318,0.469305013391682,"Oceania","Papua New Guinea","LMIC",0.39,0.04,0.159305013391682,-0.0793050133916816,TRUE,0.238610026783363
"PNG","ARIMA(0,1,0)",2021,0.35,0.18127723200238,0.51872276799762,"Oceania","Papua New Guinea","LMIC",0.31,-0.04,0.12872276799762,-0.20872276799762,TRUE,0.33744553599524
"PNG","ARIMA(0,1,0)",2022,0.35,0.143357655207922,0.556642344792078,"Oceania","Papua New Guinea","LMIC",0.36,0.01,0.216642344792078,-0.196642344792078,TRUE,0.413284689584156
"POL","ARIMA(0,2,1)",2020,0.944692963064354,0.932725097203965,0.956660828924744,"Europe","Poland","HIC",0.9,-0.0446929630643543,-0.0327250972039645,-0.0566608289247441,FALSE,0.0239357317207796
"POL","ARIMA(0,2,1)",2021,0.939385926128709,0.920161391140699,0.958610461116719,"Europe","Poland","HIC",0.9,-0.0393859261287086,-0.0201613911406987,-0.0586104611167185,FALSE,0.0384490699760198
"POL","ARIMA(0,2,1)",2022,0.934078889193063,0.907659273234283,0.960498505151843,"Europe","Poland","HIC",0.9,-0.0340788891930629,-0.00765927323428295,-0.0604985051518429,FALSE,0.0528392319175599
"PRT","ARIMA(0,1,0)",2020,0.99,0.959170761705831,0.99,"Europe","Portugal","HIC",0.99,0,0.0308292382941691,0,TRUE,0.0308292382941691
"PRT","ARIMA(0,1,0)",2021,0.99,0.946400873086754,0.99,"Europe","Portugal","HIC",0.99,0,0.0435991269132459,0,TRUE,0.0435991269132459
"PRT","ARIMA(0,1,0)",2022,0.99,0.936602192915851,0.99,"Europe","Portugal","HIC",0.99,0,0.0533978070841489,0,TRUE,0.0533978070841489
"PRY","ARIMA(0,0,1) with non-zero mean",2020,0.880554932716614,0.829888992973964,0.931220872459264,"Americas","Paraguay","UMIC",0.79,-0.0905549327166137,-0.039888992973964,-0.141220872459264,FALSE,0.1013318794853
"PRY","ARIMA(0,0,1) with non-zero mean",2021,0.903152348686431,0.839851081743217,0.966453615629644,"Americas","Paraguay","UMIC",0.7,-0.203152348686431,-0.139851081743217,-0.266453615629644,FALSE,0.126602533886428
"PRY","ARIMA(0,0,1) with non-zero mean",2022,0.903152348686431,0.839851081743217,0.966453615629644,"Americas","Paraguay","UMIC",0.69,-0.213152348686431,-0.149851081743217,-0.276453615629644,FALSE,0.126602533886428
"PSE","ARIMA(0,1,0)",2020,0.99,0.957572827880185,0.99,"Asia","State of Palestine","UMIC",0.98,-0.01,0.0224271721198149,-0.01,TRUE,0.0324271721198149
"PSE","ARIMA(0,1,0)",2021,0.99,0.944141053398751,0.99,"Asia","State of Palestine","UMIC",0.95,-0.04,0.00585894660124897,-0.04,TRUE,0.045858946601249
"PSE","ARIMA(0,1,0)",2022,0.99,0.933834490342699,0.99,"Asia","State of Palestine","UMIC",0.98,-0.01,0.0461655096573005,-0.01,TRUE,0.0561655096573005
"QAT","ARIMA(0,0,0) with non-zero mean",2020,0.949,0.862532133382799,0.99,"Asia","Qatar","HIC",0.89,-0.0589999999999996,0.0274678666172006,-0.1,TRUE,0.127467866617201
"QAT","ARIMA(0,0,0) with non-zero mean",2021,0.949,0.862532133382799,0.99,"Asia","Qatar","HIC",0.98,0.0310000000000004,0.117467866617201,-0.01,TRUE,0.127467866617201
"QAT","ARIMA(0,0,0) with non-zero mean",2022,0.949,0.862532133382799,0.99,"Asia","Qatar","HIC",0.98,0.0310000000000004,0.117467866617201,-0.01,TRUE,0.127467866617201
"ROU","ARIMA(0,1,0)",2020,0.88,0.82814231654896,0.93185768345104,"Europe","Romania","HIC",0.87,-0.01,0.0418576834510399,-0.0618576834510399,TRUE,0.10371536690208
"ROU","ARIMA(0,1,0)",2021,0.88,0.806662160750289,0.953337839249711,"Europe","Romania","HIC",0.86,-0.02,0.0533378392497115,-0.0933378392497115,TRUE,0.146675678499423
"ROU","ARIMA(0,1,0)",2022,0.88,0.790179857499975,0.969820142500025,"Europe","Romania","HIC",0.85,-0.03,0.059820142500025,-0.119820142500025,TRUE,0.17964028500005
"RUS","ARIMA(1,0,0) with non-zero mean",2020,0.969988955661012,0.960255646998598,0.979722264323427,"Europe","Russian Federation","UMIC",0.97,1.10443389876869e-05,0.00974435300140208,-0.00972226432342671,TRUE,0.0194666173248288
"RUS","ARIMA(1,0,0) with non-zero mean",2021,0.969981496247773,0.958236117381565,0.981726875113981,"Europe","Russian Federation","UMIC",0.97,1.8503752227339e-05,0.0117638826184353,-0.0117268751139806,TRUE,0.0234907577324159
"RUS","ARIMA(1,0,0) with non-zero mean",2022,0.96997645811503,0.957419858381829,0.982533057848231,"Europe","Russian Federation","UMIC",0.97,2.35418849704461e-05,0.0125801416181714,-0.0125330578482306,TRUE,0.025113199466402
"RWA","ARIMA(0,1,1)",2020,0.977454399631654,0.889916687219957,0.99,"Africa","Rwanda","LIC",0.91,-0.0674543996316536,0.0200833127800435,-0.08,TRUE,0.100083312780043
"RWA","ARIMA(0,1,1)",2021,0.977454399631654,0.879884837011579,0.99,"Africa","Rwanda","LIC",0.88,-0.0974543996316536,0.000115162988421069,-0.11,TRUE,0.110115162988421
"RWA","ARIMA(0,1,1)",2022,0.977454399631654,0.870792372623574,0.99,"Africa","Rwanda","LIC",0.98,0.00254560036834639,0.109207627376426,-0.01,TRUE,0.119207627376426
"SAU","ARIMA(0,1,0)",2020,0.96,0.941455676271626,0.978544323728374,"Asia","Saudi Arabia","HIC",0.95,-0.01,0.0085443237283741,-0.0285443237283741,TRUE,0.0370886474567482
"SAU","ARIMA(0,1,0)",2021,0.96,0.933774365878296,0.986225634121704,"Asia","Saudi Arabia","HIC",0.97,0.01,0.0362256341217039,-0.0162256341217039,TRUE,0.0524512682434077
"SAU","ARIMA(0,1,0)",2022,0.96,0.927880289110451,0.99,"Asia","Saudi Arabia","HIC",0.98,0.02,0.052119710889549,-0.01,TRUE,0.062119710889549
"SDN","ARIMA(0,1,0) with drift",2020,0.946315789473643,0.867587899669616,0.99,"Africa","Sudan","LIC",0.9,-0.0463157894736433,0.0324121003303844,-0.09,TRUE,0.122412100330384
"SDN","ARIMA(0,1,0) with drift",2021,0.962631578947287,0.851293529449416,0.99,"Africa","Sudan","LIC",0.84,-0.122631578947287,-0.0112935294494163,-0.15,FALSE,0.138706470550584
"SDN","ARIMA(0,1,0) with drift",2022,0.97894736842093,0.84258666330767,0.99,"Africa","Sudan","LIC",0.84,-0.13894736842093,-0.00258666330767032,-0.15,FALSE,0.14741333669233
"SEN","ARIMA(0,1,0) with drift",2020,0.972631578947358,0.870821696284434,0.99,"Africa","Senegal","LMIC",0.91,-0.0626315789473577,0.0391783037155663,-0.08,TRUE,0.119178303715566
"SEN","ARIMA(0,1,0) with drift",2021,0.99,0.851282241049195,0.99,"Africa","Senegal","LMIC",0.85,-0.14,-0.00128224104919505,-0.14,FALSE,0.138717758950805
"SEN","ARIMA(0,1,0) with drift",2022,0.99,0.841554847357263,0.99,"Africa","Senegal","LMIC",0.88,-0.11,0.0384451526427366,-0.11,TRUE,0.148445152642737
"SGP","ARIMA(0,0,0) with non-zero mean",2020,0.963,0.944902074428958,0.981097925571042,"Asia","Singapore","HIC",0.98,0.0169999999999998,0.0350979255710417,-0.00109792557104216,TRUE,0.0361958511420839
"SGP","ARIMA(0,0,0) with non-zero mean",2021,0.963,0.944902074428958,0.981097925571042,"Asia","Singapore","HIC",0.98,0.0169999999999998,0.0350979255710417,-0.00109792557104216,TRUE,0.0361958511420839
"SGP","ARIMA(0,0,0) with non-zero mean",2022,0.963,0.944902074428958,0.981097925571042,"Asia","Singapore","HIC",0.97,0.00699999999999978,0.0250979255710417,-0.0110979255710422,TRUE,0.0361958511420839
"SLB","ARIMA(0,0,0) with non-zero mean",2020,0.869,0.763184870873266,0.974815129126734,"Oceania","Solomon Islands","LMIC",0.94,0.071,0.176815129126734,-0.0348151291267341,TRUE,0.211630258253468
"SLB","ARIMA(0,0,0) with non-zero mean",2021,0.869,0.763184870873266,0.974815129126734,"Oceania","Solomon Islands","LMIC",0.87,0.001,0.106815129126734,-0.104815129126734,TRUE,0.211630258253468
"SLB","ARIMA(0,0,0) with non-zero mean",2022,0.869,0.763184870873266,0.974815129126734,"Oceania","Solomon Islands","LMIC",0.89,0.021,0.126815129126734,-0.0848151291267341,TRUE,0.211630258253468
"SLE","ARIMA(0,1,0)",2020,0.95,0.800530421438358,0.99,"Africa","Sierra Leone","LIC",0.91,-0.0399999999999999,0.109469578561642,-0.08,TRUE,0.189469578561642
"SLE","ARIMA(0,1,0)",2021,0.95,0.738618094835935,0.99,"Africa","Sierra Leone","LIC",0.92,-0.0299999999999999,0.181381905164065,-0.07,TRUE,0.251381905164065
"SLE","ARIMA(0,1,0)",2022,0.95,0.691111095745328,0.99,"Africa","Sierra Leone","LIC",0.91,-0.0399999999999999,0.218888904254672,-0.08,TRUE,0.298888904254672
"SLV","ARIMA(0,0,0) with non-zero mean",2020,0.9245,0.839073067191295,0.99,"Americas","El Salvador","UMIC",0.76,-0.1645,-0.0790730671912955,-0.23,FALSE,0.150926932808705
"SLV","ARIMA(0,0,0) with non-zero mean",2021,0.9245,0.839073067191295,0.99,"Americas","El Salvador","UMIC",0.78,-0.1445,-0.0590730671912955,-0.21,FALSE,0.150926932808705
"SLV","ARIMA(0,0,0) with non-zero mean",2022,0.9245,0.839073067191295,0.99,"Americas","El Salvador","UMIC",0.75,-0.1745,-0.0890730671912955,-0.24,FALSE,0.150926932808705
"SMR","ARIMA(0,1,0)",2020,0.88,0.844592051129079,0.915407948870921,"Europe","San Marino","HIC",0.89,0.01,0.0454079488709207,-0.0254079488709207,TRUE,0.0708158977418414
"SMR","ARIMA(0,1,0)",2021,0.88,0.829925598490931,0.930074401509069,"Europe","San Marino","HIC",0.9,0.02,0.0700744015090692,-0.0300744015090691,TRUE,0.100148803018138
"SMR","ARIMA(0,1,0)",2022,0.88,0.818671633563764,0.941328366436236,"Europe","San Marino","HIC",0.92,0.04,0.101328366436236,-0.0213283664362357,TRUE,0.122656732872471
"SRB","ARIMA(0,0,0) with non-zero mean",2020,0.936500000000051,0.886723088290426,0.986276911709675,"Europe","Serbia","UMIC",0.92,-0.0165000000000505,0.0332769117095736,-0.0662769117096745,TRUE,0.0995538234192481
"SRB","ARIMA(0,0,0) with non-zero mean",2021,0.936500000000051,0.886723088290426,0.986276911709675,"Europe","Serbia","UMIC",0.91,-0.0265000000000505,0.0232769117095736,-0.0762769117096745,TRUE,0.0995538234192481
"SRB","ARIMA(0,0,0) with non-zero mean",2022,0.936500000000051,0.886723088290426,0.986276911709675,"Europe","Serbia","UMIC",0.92,-0.0165000000000505,0.0332769117095736,-0.0662769117096745,TRUE,0.0995538234192481
"STP","ARIMA(1,0,0) with non-zero mean",2020,0.946890938111494,0.894777350650979,0.99,"Africa","Sao Tome and Principe","LMIC",0.96,0.0131090618885059,0.0652226493490212,-0.03,TRUE,0.0952226493490212
"STP","ARIMA(1,0,0) with non-zero mean",2021,0.944124579527297,0.874368336761876,0.99,"Africa","Sao Tome and Principe","LMIC",0.97,0.025875420472703,0.0956316632381241,-0.02,TRUE,0.115631663238124
"STP","ARIMA(1,0,0) with non-zero mean",2022,0.941663149008769,0.860618939407361,0.99,"Africa","Sao Tome and Principe","LMIC",0.97,0.028336850991231,0.109381060592639,-0.02,TRUE,0.129381060592639
"SUR","ARIMA(1,0,0) with non-zero mean",2020,0.773675699474721,0.658511312742473,0.888840086206968,"Americas","Suriname","UMIC",0.51,-0.263675699474721,-0.148511312742473,-0.378840086206968,FALSE,0.230328773464495
"SUR","ARIMA(1,0,0) with non-zero mean",2021,0.775757331251169,0.643407377803738,0.9081072846986,"Americas","Suriname","UMIC",0.72,-0.0557573312511688,0.0765926221962622,-0.1881072846986,TRUE,0.264699906894862
"SUR","ARIMA(1,0,0) with non-zero mean",2022,0.776936206423777,0.639528949822851,0.914343463024703,"Americas","Suriname","UMIC",0.77,-0.00693620642377712,0.130471050177149,-0.144343463024703,TRUE,0.274814513201852
"SVK","ARIMA(1,1,0)",2020,0.976196713136292,0.968629608669292,0.983763817603292,"Europe","Slovakia","HIC",0.97,-0.00619671313629166,0.00137039133070826,-0.0137638176032916,TRUE,0.0151342089339999
"SVK","ARIMA(1,1,0)",2021,0.980036638505641,0.965632609606654,0.99,"Europe","Slovakia","HIC",0.97,-0.0100366385056407,0.00436739039334566,-0.02,TRUE,0.0243673903933457
"SVK","ARIMA(1,1,0)",2022,0.982416130103503,0.961502969623636,0.99,"Europe","Slovakia","HIC",0.97,-0.0124161301035032,0.00849703037636429,-0.02,TRUE,0.0284970303763643
"SVN","ARIMA(1,0,0) with non-zero mean",2020,0.948703815779011,0.928183821173297,0.969223810384725,"Europe","Slovenia","HIC",0.95,0.00129618422098932,0.0218161788267033,-0.0192238103847246,TRUE,0.0410399892114279
"SVN","ARIMA(1,0,0) with non-zero mean",2021,0.947609215311324,0.920751176643517,0.974467253979131,"Europe","Slovenia","HIC",0.86,-0.0876092153113237,-0.0607511766435166,-0.114467253979131,FALSE,0.0537160773356142
"SVN","ARIMA(1,0,0) with non-zero mean",2022,0.946684848107605,0.916098898762135,0.977270797453075,"Europe","Slovenia","HIC",0.89,-0.0566848481076049,-0.0260988987621349,-0.0872707974530749,FALSE,0.06117189869094
"SWE","ARIMA(0,1,0)",2020,0.98,0.96993574741873,0.99,"Europe","Sweden","HIC",0.97,-0.01,6.42525812695194e-05,-0.02,TRUE,0.0200642525812695
"SWE","ARIMA(0,1,0)",2021,0.98,0.96576699750442,0.99,"Europe","Sweden","HIC",0.98,0,0.0142330024955798,-0.01,TRUE,0.0242330024955798
"SWE","ARIMA(0,1,0)",2022,0.98,0.962568203189035,0.99,"Europe","Sweden","HIC",0.94,-0.04,-0.022568203189035,-0.05,FALSE,0.0274317968109651
"SWZ","ARIMA(0,1,0)",2020,0.9,0.855485657560597,0.944514342439403,"Africa","Eswatini","LMIC",0.83,-0.0700000000000001,-0.0254856575605974,-0.114514342439403,FALSE,0.0890286848788053
"SWZ","ARIMA(0,1,0)",2021,0.9,0.837047213202077,0.962952786797924,"Africa","Eswatini","LMIC",0.77,-0.13,-0.0670472132020765,-0.192952786797923,FALSE,0.125905573595847
"SWZ","ARIMA(0,1,0)",2022,0.9,0.822898897229435,0.977101102770565,"Africa","Eswatini","LMIC",0.97,0.07,0.147101102770565,-0.00710110277056497,TRUE,0.15420220554113
"SYC","ARIMA(0,0,1) with non-zero mean",2020,0.984602706939938,0.965739864526817,0.99,"Africa","Seychelles","HIC",0.97,-0.0146027069399384,0.00426013547318316,-0.02,TRUE,0.0242601354731832
"SYC","ARIMA(0,0,1) with non-zero mean",2021,0.983755023653496,0.962788592755925,0.99,"Africa","Seychelles","HIC",0.94,-0.0437550236534965,-0.0227885927559246,-0.05,FALSE,0.0272114072440754
"SYC","ARIMA(0,0,1) with non-zero mean",2022,0.983755023653496,0.962788592755925,0.99,"Africa","Seychelles","HIC",0.97,-0.0137550236534965,0.00721140724407543,-0.02,TRUE,0.0272114072440754
"SYR","ARIMA(0,1,0)",2020,0.54,0.40361491784878,0.67638508215122,"Asia","Syrian Arab Republic","LIC",0.49,-0.05,0.0863850821512201,-0.18638508215122,TRUE,0.27277016430244
"SYR","ARIMA(0,1,0)",2021,0.54,0.347122367116376,0.732877632883624,"Asia","Syrian Arab Republic","LIC",0.48,-0.0600000000000001,0.132877632883624,-0.252877632883624,TRUE,0.385755265767248
"SYR","ARIMA(0,1,0)",2022,0.54,0.303774108319632,0.776225891680368,"Asia","Syrian Arab Republic","LIC",0.46,-0.08,0.156225891680368,-0.316225891680368,TRUE,0.472451783360737
"TCD","ARIMA(0,1,0)",2020,0.5,0.357738092932517,0.642261907067484,"Africa","Chad","LIC",0.52,0.02,0.162261907067484,-0.122261907067484,TRUE,0.284523814134967
"TCD","ARIMA(0,1,0)",2021,0.5,0.298811281616104,0.701188718383896,"Africa","Chad","LIC",0.58,0.08,0.281188718383896,-0.121188718383896,TRUE,0.402377436767792
"TCD","ARIMA(0,1,0)",2022,0.5,0.253595148977477,0.746404851022523,"Africa","Chad","LIC",0.6,0.1,0.346404851022523,-0.146404851022523,TRUE,0.492809702045047
"TGO","ARIMA(0,1,0)",2020,0.84,0.726781519387324,0.953218480612676,"Africa","Togo","LIC",0.82,-0.02,0.0932184806126761,-0.133218480612676,TRUE,0.226436961225352
"TGO","ARIMA(0,1,0)",2021,0.84,0.679884889206278,0.99,"Africa","Togo","LIC",0.83,-0.01,0.150115110793722,-0.16,TRUE,0.310115110793722
"TGO","ARIMA(0,1,0)",2022,0.84,0.643899839223093,0.99,"Africa","Togo","LIC",0.82,-0.02,0.176100160776907,-0.17,TRUE,0.346100160776907
"THA","ARIMA(1,0,0) with non-zero mean",2020,0.972161830630472,0.958181191887412,0.986142469373531,"Asia","Thailand","UMIC",0.97,-0.00216183063047171,0.0118188081125876,-0.016142469373531,TRUE,0.0279612774861187
"THA","ARIMA(1,0,0) with non-zero mean",2021,0.973792505677352,0.956280547006061,0.99,"Asia","Thailand","UMIC",0.97,-0.00379250567735212,0.0137194529939391,-0.02,TRUE,0.0337194529939391
"THA","ARIMA(1,0,0) with non-zero mean",2022,0.975022528543638,0.955788589473143,0.99,"Asia","Thailand","UMIC",0.97,-0.00502252854363849,0.0142114105268565,-0.02,TRUE,0.0342114105268565
"TJK","ARIMA(0,1,0)",2020,0.97,0.927817761282953,0.99,"Asia","Tajikistan","LMIC",0.97,0,0.042182238717047,-0.02,TRUE,0.062182238717047
"TJK","ARIMA(0,1,0)",2021,0.97,0.910345305915093,0.99,"Asia","Tajikistan","LMIC",0.97,0,0.0596546940849073,-0.02,TRUE,0.0796546940849073
"TJK","ARIMA(0,1,0)",2022,0.97,0.896938219365076,0.99,"Asia","Tajikistan","LMIC",0.97,0,0.0730617806349243,-0.02,TRUE,0.0930617806349243
"TKM","ARIMA(0,0,0) with non-zero mean",2020,0.968500000000069,0.900523014209224,0.99,"Asia","Turkmenistan","UMIC",0.98,0.0114999999999315,0.0794769857907758,-0.01,TRUE,0.0894769857907758
"TKM","ARIMA(0,0,0) with non-zero mean",2021,0.968500000000069,0.900523014209224,0.99,"Asia","Turkmenistan","UMIC",0.97,0.00149999999993145,0.0694769857907758,-0.02,TRUE,0.0894769857907758
"TKM","ARIMA(0,0,0) with non-zero mean",2022,0.968500000000069,0.900523014209224,0.99,"Asia","Turkmenistan","UMIC",0.98,0.0114999999999315,0.0794769857907758,-0.01,TRUE,0.0894769857907758
"TON","ARIMA(1,0,0) with non-zero mean",2020,0.980907687541105,0.936147259240584,0.99,"Oceania","Tonga","UMIC",0.99,0.00909231245889475,0.0538527407594157,0,TRUE,0.0538527407594157
"TON","ARIMA(1,0,0) with non-zero mean",2021,0.977211414464727,0.928893689358556,0.99,"Oceania","Tonga","UMIC",0.99,0.0127885855352726,0.0611063106414437,0,TRUE,0.0611063106414437
"TON","ARIMA(1,0,0) with non-zero mean",2022,0.975708778615275,0.926828079905179,0.99,"Oceania","Tonga","UMIC",0.99,0.0142912213847248,0.0631719200948209,0,TRUE,0.0631719200948209
"TTO","ARIMA(0,0,0) with non-zero mean",2020,0.923499999999941,0.865820666432672,0.981179333567211,"Americas","Trinidad and Tobago","HIC",0.96,0.0365000000000586,0.0941793335673278,-0.0211793335672106,TRUE,0.115358667134538
"TTO","ARIMA(0,0,0) with non-zero mean",2021,0.923499999999941,0.865820666432672,0.981179333567211,"Americas","Trinidad and Tobago","HIC",0.94,0.0165000000000586,0.0741793335673278,-0.0411793335672106,TRUE,0.115358667134538
"TTO","ARIMA(0,0,0) with non-zero mean",2022,0.923499999999941,0.865820666432672,0.981179333567211,"Americas","Trinidad and Tobago","HIC",0.93,0.00650000000005868,0.0641793335673279,-0.0511793335672105,TRUE,0.115358667134538
"TUN","ARIMA(1,0,0) with non-zero mean",2020,0.978279269729483,0.960874883138534,0.99,"Africa","Tunisia","LMIC",0.97,-0.00827926972948301,0.009125116861466,-0.02,TRUE,0.029125116861466
"TUN","ARIMA(1,0,0) with non-zero mean",2021,0.977497382300505,0.958380481331404,0.99,"Africa","Tunisia","LMIC",0.97,-0.00749738230050545,0.0116195186685959,-0.02,TRUE,0.0316195186685959
"TUN","ARIMA(1,0,0) with non-zero mean",2022,0.97714209828995,0.957690379111797,0.99,"Africa","Tunisia","LMIC",0.97,-0.00714209828995005,0.012309620888203,-0.02,TRUE,0.032309620888203
"TUR","ARIMA(0,1,0)",2020,0.99,0.882084144981468,0.99,"Asia","Turkiye","UMIC",0.98,-0.01,0.0979158550185315,-0.01,TRUE,0.107915855018532
"TUR","ARIMA(0,1,0)",2021,0.99,0.837383934237704,0.99,"Asia","Turkiye","UMIC",0.95,-0.04,0.112616065762296,-0.04,TRUE,0.152616065762296
"TUR","ARIMA(0,1,0)",2022,0.99,0.803084256165667,0.99,"Asia","Turkiye","UMIC",0.99,0,0.186915743834333,0,TRUE,0.186915743834333
"TUV","ARIMA(0,0,0) with non-zero mean",2020,0.934499999999912,0.847897789333571,0.99,"Oceania","Tuvalu","UMIC",0.95,0.015500000000088,0.102102210666429,-0.04,TRUE,0.142102210666429
"TUV","ARIMA(0,0,0) with non-zero mean",2021,0.934499999999912,0.847897789333571,0.99,"Oceania","Tuvalu","UMIC",0.94,0.00550000000008799,0.0921022106664289,-0.05,TRUE,0.142102210666429
"TUV","ARIMA(0,0,0) with non-zero mean",2022,0.934499999999912,0.847897789333571,0.99,"Oceania","Tuvalu","UMIC",0.91,-0.0244999999999119,0.062102210666429,-0.08,TRUE,0.142102210666429
"TZA","ARIMA(1,0,0) with non-zero mean",2020,0.88996367593717,0.81590078998559,0.964026561888749,"Africa","United Republic of Tanzania","LMIC",0.86,-0.0299636759371698,0.0440992100144096,-0.104026561888749,TRUE,0.148125771903159
"TZA","ARIMA(1,0,0) with non-zero mean",2021,0.889941204946944,0.802852022393746,0.977030387500142,"Africa","United Republic of Tanzania","LMIC",0.81,-0.0799412049469438,0.00714797760625419,-0.167030387500142,TRUE,0.174178365106396
"TZA","ARIMA(1,0,0) with non-zero mean",2022,0.889927303820187,0.798341880091854,0.98151272754852,"Africa","United Republic of Tanzania","LMIC",0.88,-0.00992730382018692,0.081658119908146,-0.10151272754852,TRUE,0.183170847456666
"UGA","ARIMA(1,1,0) with drift",2020,0.961843376492923,0.913672232849882,0.99,"Africa","Uganda","LIC",0.89,-0.0718433764929233,-0.023672232849882,-0.1,FALSE,0.076327767150118
"UGA","ARIMA(1,1,0) with drift",2021,0.979026513766311,0.924289521031032,0.99,"Africa","Uganda","LIC",0.91,-0.0690265137663105,-0.0142895210310315,-0.08,FALSE,0.0657104789689684
"UGA","ARIMA(1,1,0) with drift",2022,0.99,0.937332311665335,0.99,"Africa","Uganda","LIC",0.89,-0.1,-0.0473323116653352,-0.1,FALSE,0.0526676883346647
"URY","ARIMA(0,0,1) with non-zero mean",2020,0.949399001685293,0.921454111554971,0.977343891815614,"Americas","Uruguay","HIC",0.92,-0.0293990016852925,-0.00145411155497122,-0.0573438918156138,FALSE,0.0558897802606426
"URY","ARIMA(0,0,1) with non-zero mean",2021,0.939651629824556,0.90303069064811,0.976272569001001,"Americas","Uruguay","HIC",0.91,-0.0296516298245558,0.00696930935188977,-0.0662725690010014,TRUE,0.0732418783528912
"URY","ARIMA(0,0,1) with non-zero mean",2022,0.939651629824556,0.90303069064811,0.976272569001001,"Americas","Uruguay","HIC",0.94,0.00034837017544409,0.0369693093518897,-0.0362725690010015,TRUE,0.0732418783528912
"USA","ARIMA(1,0,0) with non-zero mean",2020,0.943460432663896,0.928866873009609,0.958053992318184,"Americas","United States","HIC",0.93,-0.0134604326638962,0.00113312699039114,-0.0280539923181835,TRUE,0.0291871193085746
"USA","ARIMA(1,0,0) with non-zero mean",2021,0.94548306305385,0.928579444373976,0.962386681733723,"Americas","United States","HIC",0.94,-0.00548306305384982,0.0114205556260237,-0.0223866817337234,TRUE,0.0338072373597471
"USA","ARIMA(1,0,0) with non-zero mean",2022,0.94666529489932,0.929041720633789,0.964288869164851,"Americas","United States","HIC",0.94,-0.00666529489932022,0.0109582793662106,-0.0242888691648511,TRUE,0.0352471485310617
"UZB","ARIMA(0,0,1) with non-zero mean",2020,0.968232861034553,0.95094696552461,0.985518756544497,"Asia","Uzbekistan","LMIC",0.95,-0.0182328610345532,-0.000946965524609822,-0.0355187565444967,FALSE,0.0345717910198868
"UZB","ARIMA(0,0,1) with non-zero mean",2021,0.983028616344258,0.961110627021232,0.99,"Asia","Uzbekistan","LMIC",0.98,-0.00302861634425833,0.0188893729787679,-0.01,TRUE,0.0288893729787679
"UZB","ARIMA(0,0,1) with non-zero mean",2022,0.983028616344258,0.961110627021232,0.99,"Asia","Uzbekistan","LMIC",0.99,0.00697138365574168,0.0288893729787679,0,TRUE,0.0288893729787679
"VCT","ARIMA(0,0,1) with non-zero mean",2020,0.981852094462693,0.965092969084166,0.99,"Americas","Saint Vincent and the Grenadines","UMIC",0.97,-0.0118520944626934,0.00490703091583389,-0.02,TRUE,0.0249070309158339
"VCT","ARIMA(0,0,1) with non-zero mean",2021,0.982758231752378,0.961989034984119,0.99,"Americas","Saint Vincent and the Grenadines","UMIC",0.92,-0.0627582317523777,-0.0419890349841188,-0.07,FALSE,0.0280109650158812
"VCT","ARIMA(0,0,1) with non-zero mean",2022,0.982758231752378,0.961989034984119,0.99,"Americas","Saint Vincent and the Grenadines","UMIC",0.92,-0.0627582317523777,-0.0419890349841188,-0.07,FALSE,0.0280109650158812
"VEN","ARIMA(0,0,1) with non-zero mean",2020,0.713930774001799,0.523443493777231,0.904418054226368,"Americas","Venezuela (Bolivarian Republic of)","",0.54,-0.173930774001799,0.0165565062227693,-0.364418054226368,TRUE,0.380974560449137
"VEN","ARIMA(0,0,1) with non-zero mean",2021,0.738593674299931,0.531208719575949,0.945978629023912,"Americas","Venezuela (Bolivarian Republic of)","",0.56,-0.17859367429993,0.0287912804240509,-0.385978629023912,TRUE,0.414769909447963
"VEN","ARIMA(0,0,1) with non-zero mean",2022,0.738593674299931,0.531208719575949,0.945978629023912,"Americas","Venezuela (Bolivarian Republic of)","",0.56,-0.17859367429993,0.0287912804240509,-0.385978629023912,TRUE,0.414769909447963
"VNM","ARIMA(0,0,0) with non-zero mean",2020,0.911,0.716255789142756,0.99,"Asia","Viet Nam","LMIC",0.94,0.029,0.223744210857244,-0.05,TRUE,0.273744210857244
"VNM","ARIMA(0,0,0) with non-zero mean",2021,0.911,0.716255789142756,0.99,"Asia","Viet Nam","LMIC",0.83,-0.081,0.113744210857244,-0.16,TRUE,0.273744210857244
"VNM","ARIMA(0,0,0) with non-zero mean",2022,0.911,0.716255789142756,0.99,"Asia","Viet Nam","LMIC",0.91,-0.00099999999999989,0.193744210857244,-0.08,TRUE,0.273744210857244
"VUT","ARIMA(0,1,0) with drift",2020,0.909999999999988,0.862887219209768,0.957112780790208,"Oceania","Vanuatu","LMIC",0.78,-0.129999999999988,-0.0828872192097678,-0.177112780790208,FALSE,0.0942255615804399
"VUT","ARIMA(0,1,0) with drift",2021,0.919999999999976,0.853372466445336,0.986627533554616,"Oceania","Vanuatu","LMIC",0.62,-0.299999999999976,-0.233372466445336,-0.366627533554616,FALSE,0.13325506710928
"VUT","ARIMA(0,1,0) with drift",2022,0.929999999999964,0.848398269985447,0.99,"Oceania","Vanuatu","LMIC",0.68,-0.249999999999963,-0.168398269985447,-0.31,FALSE,0.141601730014553
"WSM","ARIMA(1,0,0) with non-zero mean",2020,0.703149492516755,0.438840978884746,0.967458006148765,"Oceania","Samoa","LMIC",0.89,0.186850507483245,0.451159021115254,-0.077458006148765,TRUE,0.528617027264019
"WSM","ARIMA(1,0,0) with non-zero mean",2021,0.716922850943632,0.409370087820873,0.99,"Oceania","Samoa","LMIC",0.85,0.133077149056368,0.440629912179127,-0.14,TRUE,0.580629912179127
"WSM","ARIMA(1,0,0) with non-zero mean",2022,0.725117648398388,0.403647760585822,0.99,"Oceania","Samoa","LMIC",0.76,0.0348823516016119,0.356352239414178,-0.23,TRUE,0.586352239414178
"YEM","ARIMA(2,0,1) with non-zero mean",2020,0.76438900112754,0.69558318559794,0.833194816657141,"Asia","Yemen","LIC",0.72,-0.0443890011275405,0.0244168144020602,-0.113194816657141,TRUE,0.137611631059201
"YEM","ARIMA(2,0,1) with non-zero mean",2021,0.733042544318328,0.627351452890254,0.838733635746403,"Asia","Yemen","LIC",0.72,-0.0130425443183285,0.0926485471097456,-0.118733635746403,TRUE,0.211382182856148
"YEM","ARIMA(2,0,1) with non-zero mean",2022,0.715972834721177,0.609917506520363,0.822028162921991,"Asia","Yemen","LIC",0.74,0.0240271652788232,0.130082493479637,-0.0820281629219908,TRUE,0.212110656401628
"ZAF","ARIMA(0,1,0)",2020,0.85,0.776664128206753,0.923335871793247,"Africa","South Africa","UMIC",0.84,-0.01,0.063335871793247,-0.083335871793247,TRUE,0.146671743586494
"ZAF","ARIMA(0,1,0)",2021,0.85,0.746287415501536,0.953712584498464,"Africa","South Africa","UMIC",0.86,0.01,0.113712584498464,-0.0937125844984643,TRUE,0.207425168996929
"ZAF","ARIMA(0,1,0)",2022,0.85,0.722978544036739,0.977021455963261,"Africa","South Africa","UMIC",0.85,0,0.127021455963261,-0.127021455963261,TRUE,0.254042911926522
"ZMB","ARIMA(0,0,1) with non-zero mean",2020,0.863372861859975,0.789388457343064,0.937357266376887,"Africa","Zambia","LMIC",0.84,-0.0233728618599753,0.0506115426569359,-0.0973572663768866,TRUE,0.147968809033822
"ZMB","ARIMA(0,0,1) with non-zero mean",2021,0.854251908798857,0.760181711432317,0.948322106165398,"Africa","Zambia","LMIC",0.91,0.0557480912011428,0.149818288567683,-0.0383221061653977,TRUE,0.188140394733081
"ZMB","ARIMA(0,0,1) with non-zero mean",2022,0.854251908798857,0.760181711432317,0.948322106165398,"Africa","Zambia","LMIC",0.82,-0.0342519087988573,0.0598182885676831,-0.128322106165398,TRUE,0.188140394733081
"ZWE","ARIMA(0,1,0)",2020,0.9,0.810973829125053,0.989026170874947,"Africa","Zimbabwe","LMIC",0.86,-0.04,0.0490261708749467,-0.129026170874947,TRUE,0.178052341749893
"ZWE","ARIMA(0,1,0)",2021,0.9,0.774097981742506,0.99,"Africa","Zimbabwe","LMIC",0.88,-0.02,0.105902018257494,-0.11,TRUE,0.215902018257494
"ZWE","ARIMA(0,1,0)",2022,0.9,0.745802148841284,0.99,"Africa","Zimbabwe","LMIC",0.9,0,0.154197851158716,-0.09,TRUE,0.244197851158716
